{
  "results": [
    {
      "command": "$JINX_ROOT/.oracle/bin/nix-instantiate --readonly-mode --eval --strict $JINX_ROOT/bench/fib.nix",
      "mean": 0.09538488646,
      "stddev": 0.005163531435189053,
      "median": 0.09575992776,
      "user": 0.0745834,
      "system": 0.01485302,
      "min": 0.08588609426,
      "max": 0.10232338726000001,
      "times": [
        0.10232338726000001,
        0.09943201226000001,
        0.09072526126000001,
        0.09347863726000001,
        0.09139838626,
        0.09830246926000001,
        0.10078276126,
        0.09402201126000001,
        0.09749784426000001,
        0.08588609426
      ],
      "memory_usage_byte": [
        49479680,
        49479680,
        49479680,
        49479680,
        49479680,
        49840128,
        49840128,
        49840128,
        49840128,
        49840128
      ],
      "exit_codes": [
        0,
        0,
        0,
        0,
        0,
        0,
        0,
        0,
        0,
        0
      ]
    },
    {
      "command": "JINX_JIT=0 $JINX_ROOT/target/release/jinx --readonly-mode --eval --strict $JINX_ROOT/bench/fib.nix",
      "mean": 0.08409263236000002,
      "stddev": 0.0027138213109368058,
      "median": 0.08294436576000001,
      "user": 0.07552269999999998,
      "system": 0.005887719999999999,
      "min": 0.08197501226000001,
      "max": 0.08910542826000001,
      "times": [
        0.08910542826000001,
        0.08399446926000001,
        0.08205522026,
        0.08331201126000001,
        0.08197501226000001,
        0.08227292826,
        0.08896701126,
        0.08257672026000001,
        0.08416451126,
        0.08250301126000001
      ],
      "memory_usage_byte": [
        66977792,
        66977792,
        66977792,
        66977792,
        66977792,
        66977792,
        66977792,
        66977792,
        66977792,
        66977792
      ],
      "exit_codes": [
        0,
        0,
        0,
        0,
        0,
        0,
        0,
        0,
        0,
        0
      ]
    },
    {
      "command": "JINX_JIT=1 $JINX_ROOT/target/release/jinx --readonly-mode --eval --strict $JINX_ROOT/bench/fib.nix",
      "mean": 0.04750041556,
      "stddev": 0.004263472834125072,
      "median": 0.04574074076000001,
      "user": 0.04080109999999999,
      "system": 0.005388519999999999,
      "min": 0.044384386260000006,
      "max": 0.058472428260000014,
      "times": [
        0.044384386260000006,
        0.04588380326000001,
        0.04498384526000001,
        0.058472428260000014,
        0.047658844260000006,
        0.049642886260000005,
        0.048790386260000006,
        0.044709136260000004,
        0.044880761260000006,
        0.04559767826000001
      ],
      "memory_usage_byte": [
        69156864,
        69173248,
        69173248,
        69173248,
        69173248,
        69173248,
        69173248,
        69173248,
        69173248,
        69173248
      ],
      "exit_codes": [
        0,
        0,
        0,
        0,
        0,
        0,
        0,
        0,
        0,
        0
      ]
    }
  ]
}
