{
  "results": [
    {
      "command": "/nix/var/nix/profiles/default/bin/nix-instantiate --readonly-mode --eval --strict /Users/siraben/Git/jinx/bench/fib.nix",
      "mean": 0.10756878406,
      "stddev": 0.0017833426342652927,
      "median": 0.10721116316000001,
      "user": 0.08769873999999998,
      "system": 0.01670298,
      "min": 0.10614966366,
      "max": 0.11242341366000001,
      "times": [
        0.10715470466,
        0.10614966366,
        0.10768099666,
        0.11242341366000001,
        0.10764378766,
        0.10726762166,
        0.10638570466000001,
        0.10747024666,
        0.10663341366000001,
        0.10687828766
      ],
      "memory_usage_byte": [
        50348032,
        50348032,
        50348032,
        50380800,
        50380800,
        50380800,
        50380800,
        50380800,
        50380800,
        50380800
      ],
      "exit_codes": [
        0,
        0,
        0,
        0,
        0,
        0,
        0,
        0,
        0,
        0
      ]
    },
    {
      "command": "JINX_JIT=0 /Users/siraben/Git/jinx/target/release/jinx --readonly-mode --eval --strict /Users/siraben/Git/jinx/bench/fib.nix",
      "mean": 0.05314594666000001,
      "stddev": 0.00032268450252977675,
      "median": 0.053142996660000004,
      "user": 0.049559039999999985,
      "system": 0.0026013799999999995,
      "min": 0.05268249666,
      "max": 0.053584621660000005,
      "times": [
        0.05268787166,
        0.053095496660000005,
        0.05302295466,
        0.053584621660000005,
        0.05319049666,
        0.053479788660000006,
        0.053512038660000004,
        0.05294207966,
        0.05268249666,
        0.05326162166
      ],
      "memory_usage_byte": [
        50380800,
        50380800,
        50380800,
        50380800,
        50380800,
        50380800,
        50380800,
        50380800,
        50380800,
        50380800
      ],
      "exit_codes": [
        0,
        0,
        0,
        0,
        0,
        0,
        0,
        0,
        0,
        0
      ]
    },
    {
      "command": "JINX_JIT=1 /Users/siraben/Git/jinx/target/release/jinx --readonly-mode --eval --strict /Users/siraben/Git/jinx/bench/fib.nix",
      "mean": 0.047327125760000005,
      "stddev": 0.0006106270174372589,
      "median": 0.047319517160000005,
      "user": 0.04399524,
      "system": 0.00280418,
      "min": 0.046434496660000005,
      "max": 0.04828162166,
      "times": [
        0.047669246660000004,
        0.048119913660000006,
        0.04737945466,
        0.047584371660000006,
        0.046679037660000006,
        0.046434496660000005,
        0.04671237166,
        0.04828162166,
        0.04725957966,
        0.04715116366
      ],
      "memory_usage_byte": [
        50380800,
        50380800,
        50380800,
        50380800,
        50380800,
        50380800,
        50380800,
        50380800,
        50380800,
        50380800
      ],
      "exit_codes": [
        0,
        0,
        0,
        0,
        0,
        0,
        0,
        0,
        0,
        0
      ]
    }
  ]
}
