{
  "results": [
    {
      "command": "$JINX_ROOT/.oracle/bin/nix-instantiate --readonly-mode --eval --strict $JINX_ROOT/bench/fib.nix",
      "mean": 0.09619261888000001,
      "stddev": 0.003686314336401788,
      "median": 0.09637343558,
      "user": 0.07901949999999999,
      "system": 0.01208082,
      "min": 0.08812058158,
      "max": 0.10110178958,
      "times": [
        0.09378791458,
        0.09988649858,
        0.09552549758000001,
        0.09427295658,
        0.09790478958,
        0.09857928958,
        0.10110178958,
        0.09574420658,
        0.08812058158,
        0.09700266458
      ],
      "memory_usage_byte": [
        49463296,
        49463296,
        49463296,
        49463296,
        49496064,
        49496064,
        49496064,
        49496064,
        49496064,
        49496064
      ],
      "exit_codes": [
        0,
        0,
        0,
        0,
        0,
        0,
        0,
        0,
        0,
        0
      ]
    },
    {
      "command": "JINX_JIT=0 $JINX_ROOT/target/release/jinx --readonly-mode --eval --strict $JINX_ROOT/bench/fib.nix",
      "mean": 0.09731235648,
      "stddev": 0.003490915166100446,
      "median": 0.09593549808,
      "user": 0.09079299999999998,
      "system": 0.0047286199999999985,
      "min": 0.09277216458,
      "max": 0.10293487258,
      "times": [
        0.09369604058,
        0.09598158158,
        0.10251608158,
        0.10293487258,
        0.09867574758,
        0.09277216458,
        0.09577604058,
        0.09959116458,
        0.09588941458,
        0.09529045658
      ],
      "memory_usage_byte": [
        66961408,
        66961408,
        66961408,
        66961408,
        66961408,
        66961408,
        66961408,
        66961408,
        66961408,
        66961408
      ],
      "exit_codes": [
        0,
        0,
        0,
        0,
        0,
        0,
        0,
        0,
        0,
        0
      ]
    },
    {
      "command": "JINX_JIT=1 $JINX_ROOT/target/release/jinx --readonly-mode --eval --strict $JINX_ROOT/bench/fib.nix",
      "mean": 0.06554204828,
      "stddev": 0.00316268263680204,
      "median": 0.06520743607999999,
      "user": 0.059143299999999996,
      "system": 0.00465462,
      "min": 0.060885664580000005,
      "max": 0.07143533158,
      "times": [
        0.06238449858000001,
        0.060885664580000005,
        0.06348637358,
        0.06402412358,
        0.06700853958,
        0.06639074857999999,
        0.06813803958,
        0.07143533158,
        0.06774803958,
        0.06391912358
      ],
      "memory_usage_byte": [
        68747264,
        68747264,
        68747264,
        68747264,
        68747264,
        68747264,
        68747264,
        68747264,
        68747264,
        68747264
      ],
      "exit_codes": [
        0,
        0,
        0,
        0,
        0,
        0,
        0,
        0,
        0,
        0
      ]
    }
  ]
}
