{
  "results": [
    {
      "command": "/nix/var/nix/profiles/default/bin/nix-instantiate --readonly-mode --eval --strict /Users/siraben/Git/jinx/bench/fib.nix",
      "mean": 0.10817676912,
      "stddev": 0.003421544161099806,
      "median": 0.10709416942,
      "user": 0.08815394000000001,
      "system": 0.01702914,
      "min": 0.10638389792,
      "max": 0.11781048092,
      "times": [
        0.10657785692,
        0.10638389792,
        0.10793689792000001,
        0.10685448192000001,
        0.10728818992,
        0.11781048092,
        0.10787423192000001,
        0.10685331492,
        0.10711302392000001,
        0.10707531492
      ],
      "memory_usage_byte": [
        50544640,
        50544640,
        50544640,
        50544640,
        50544640,
        50544640,
        50544640,
        50544640,
        50544640,
        50544640
      ],
      "exit_codes": [
        0,
        0,
        0,
        0,
        0,
        0,
        0,
        0,
        0,
        0
      ]
    },
    {
      "command": "JINX_JIT=0 /Users/siraben/Git/jinx/target/release/jinx --readonly-mode --eval --strict /Users/siraben/Git/jinx/bench/fib.nix",
      "mean": 0.05462128582,
      "stddev": 0.0012083751222220721,
      "median": 0.05427856492,
      "user": 0.04964194,
      "system": 0.0035495400000000003,
      "min": 0.05283448192,
      "max": 0.05644085592,
      "times": [
        0.05561431492,
        0.05626706492,
        0.05352293992,
        0.05384060692,
        0.053961773920000004,
        0.05644085592,
        0.05283448192,
        0.05400243992,
        0.05455468992,
        0.05517368992
      ],
      "memory_usage_byte": [
        50544640,
        50544640,
        50544640,
        50544640,
        50544640,
        50544640,
        50544640,
        50544640,
        50544640,
        50544640
      ],
      "exit_codes": [
        0,
        0,
        0,
        0,
        0,
        0,
        0,
        0,
        0,
        0
      ]
    },
    {
      "command": "JINX_JIT=1 /Users/siraben/Git/jinx/target/release/jinx --readonly-mode --eval --strict /Users/siraben/Git/jinx/bench/fib.nix",
      "mean": 0.04761679832,
      "stddev": 0.001067390319354347,
      "median": 0.04749456492,
      "user": 0.04361703999999999,
      "system": 0.0032708399999999997,
      "min": 0.04628314892,
      "max": 0.04953289892,
      "times": [
        0.04798152292,
        0.04953289892,
        0.04882168992,
        0.04758406492,
        0.047405064920000003,
        0.04628314892,
        0.04696977292,
        0.046491397920000004,
        0.04840910692,
        0.04668931492
      ],
      "memory_usage_byte": [
        50544640,
        50544640,
        50544640,
        50544640,
        50544640,
        50544640,
        50544640,
        50544640,
        50544640,
        50544640
      ],
      "exit_codes": [
        0,
        0,
        0,
        0,
        0,
        0,
        0,
        0,
        0,
        0
      ]
    }
  ]
}
