{
  "results": [
    {
      "command": "$JINX_ROOT/.oracle/bin/nix-instantiate --readonly-mode --eval --strict $JINX_ROOT/bench/fib.nix",
      "mean": 0.08088117852000001,
      "stddev": 0.0012723383565657355,
      "median": 0.08066677872000001,
      "user": 0.06792556,
      "system": 0.010008620000000001,
      "min": 0.07949652872000001,
      "max": 0.08408956972000001,
      "times": [
        0.08008986172,
        0.08110711172000001,
        0.08096082072,
        0.07949652872000001,
        0.08039007072000001,
        0.08143273672000001,
        0.08094348672000001,
        0.08408956972000001,
        0.07997931972000001,
        0.08032227872000001
      ],
      "memory_usage_byte": [
        49414144,
        49414144,
        49414144,
        49446912,
        49446912,
        49446912,
        49446912,
        49496064,
        49496064,
        49496064
      ],
      "exit_codes": [
        0,
        0,
        0,
        0,
        0,
        0,
        0,
        0,
        0,
        0
      ]
    },
    {
      "command": "JINX_JIT=0 $JINX_ROOT/target/release/jinx --readonly-mode --eval --strict $JINX_ROOT/bench/fib.nix",
      "mean": 0.07669002002,
      "stddev": 0.0005102092680581728,
      "median": 0.07661975772000001,
      "user": 0.06845026,
      "system": 0.00639772,
      "min": 0.07591698672000001,
      "max": 0.07745194472000001,
      "times": [
        0.07634898672000001,
        0.07713806972000001,
        0.07677344472000001,
        0.07644536172000001,
        0.07661019572000001,
        0.07740515372000001,
        0.07745194472000001,
        0.07662931972,
        0.07618073672,
        0.07591698672000001
      ],
      "memory_usage_byte": [
        93093888,
        93093888,
        93093888,
        93093888,
        93093888,
        93093888,
        93093888,
        93093888,
        93093888,
        93110272
      ],
      "exit_codes": [
        0,
        0,
        0,
        0,
        0,
        0,
        0,
        0,
        0,
        0
      ]
    },
    {
      "command": "JINX_JIT=1 $JINX_ROOT/target/release/jinx --readonly-mode --eval --strict $JINX_ROOT/bench/fib.nix",
      "mean": 0.07141181172000001,
      "stddev": 0.0004643807628892015,
      "median": 0.07135321572,
      "user": 0.06393605999999999,
      "system": 0.00605072,
      "min": 0.07086682072,
      "max": 0.07246132072000001,
      "times": [
        0.07104894472,
        0.07246132072000001,
        0.07147548672000001,
        0.07117115372,
        0.07123094472000001,
        0.07156577772,
        0.07164948672,
        0.07099211172000001,
        0.07086682072,
        0.07165606972
      ],
      "memory_usage_byte": [
        95076352,
        95092736,
        95092736,
        95092736,
        95092736,
        95092736,
        95092736,
        95092736,
        95092736,
        95092736
      ],
      "exit_codes": [
        0,
        0,
        0,
        0,
        0,
        0,
        0,
        0,
        0,
        0
      ]
    }
  ]
}
