{
  "results": [
    {
      "command": "$JINX_ROOT/.oracle/bin/nix-instantiate --readonly-mode --eval --strict $JINX_ROOT/bench/fib.nix",
      "mean": 0.08037325520000002,
      "stddev": 0.0018147157460691003,
      "median": 0.07999643040000001,
      "user": 0.06788224,
      "system": 0.009529219999999998,
      "min": 0.0784459089,
      "max": 0.08514620090000001,
      "times": [
        0.07970699290000001,
        0.08042511790000001,
        0.0808288259,
        0.08514620090000001,
        0.0794530349,
        0.0802121179,
        0.0784459089,
        0.0792535759,
        0.0797807429,
        0.0804800339
      ],
      "memory_usage_byte": [
        49414144,
        49414144,
        49414144,
        49479680,
        49479680,
        49479680,
        49479680,
        49479680,
        49479680,
        49479680
      ],
      "exit_codes": [
        0,
        0,
        0,
        0,
        0,
        0,
        0,
        0,
        0,
        0
      ]
    },
    {
      "command": "JINX_JIT=0 $JINX_ROOT/target/release/jinx --readonly-mode --eval --strict $JINX_ROOT/bench/fib.nix",
      "mean": 0.0765037969,
      "stddev": 0.0006251987907507665,
      "median": 0.0764535754,
      "user": 0.06919203999999998,
      "system": 0.005517219999999999,
      "min": 0.07560365990000001,
      "max": 0.07741203490000001,
      "times": [
        0.07560365990000001,
        0.07633053490000001,
        0.07639078390000001,
        0.07651636690000001,
        0.0766003259,
        0.07741203490000001,
        0.0761552429,
        0.07563861790000001,
        0.0772418259,
        0.0771485759
      ],
      "memory_usage_byte": [
        96894976,
        96894976,
        96894976,
        96894976,
        96894976,
        96894976,
        96894976,
        96894976,
        96894976,
        96894976
      ],
      "exit_codes": [
        0,
        0,
        0,
        0,
        0,
        0,
        0,
        0,
        0,
        0
      ]
    },
    {
      "command": "JINX_JIT=1 $JINX_ROOT/target/release/jinx --readonly-mode --eval --strict $JINX_ROOT/bench/fib.nix",
      "mean": 0.0722726635,
      "stddev": 0.002575195592140103,
      "median": 0.0711486804,
      "user": 0.06409844,
      "system": 0.00608182,
      "min": 0.0702467429,
      "max": 0.0773466179,
      "times": [
        0.0710626589,
        0.07056586690000001,
        0.07112890990000001,
        0.07091632590000001,
        0.0716112839,
        0.0711684509,
        0.0773466179,
        0.07680024290000001,
        0.0702467429,
        0.0718795349
      ],
      "memory_usage_byte": [
        98975744,
        98975744,
        98975744,
        98975744,
        98975744,
        98975744,
        98975744,
        98975744,
        98975744,
        98975744
      ],
      "exit_codes": [
        0,
        0,
        0,
        0,
        0,
        0,
        0,
        0,
        0,
        0
      ]
    }
  ]
}
