{
  "results": [
    {
      "command": "$JINX_ROOT/.oracle/bin/nix-instantiate --readonly-mode --eval --strict $JINX_ROOT/bench/fib.nix",
      "mean": 0.08853056744000001,
      "stddev": 0.009507915366120917,
      "median": 0.08485067994,
      "user": 0.07138485999999998,
      "system": 0.0112617,
      "min": 0.08292953344000001,
      "max": 0.11336282644000001,
      "times": [
        0.08342449244,
        0.08292953344000001,
        0.08387770144000001,
        0.08528870044,
        0.09612261744,
        0.08621253344000002,
        0.08464245144000002,
        0.11336282644000001,
        0.08505890844,
        0.08438590944000002
      ],
      "memory_usage_byte": [
        49512448,
        49512448,
        49512448,
        49512448,
        49627136,
        49627136,
        49627136,
        49741824,
        49741824,
        49741824
      ],
      "exit_codes": [
        0,
        0,
        0,
        0,
        0,
        0,
        0,
        0,
        0,
        0
      ]
    },
    {
      "command": "JINX_JIT=0 $JINX_ROOT/target/release/jinx --readonly-mode --eval --strict $JINX_ROOT/bench/fib.nix",
      "mean": 0.12224119653999999,
      "stddev": 0.003567175973760616,
      "median": 0.12141401344,
      "user": 0.11617286,
      "system": 0.004632000000000001,
      "min": 0.11956865944,
      "max": 0.13205311744,
      "times": [
        0.11956865944,
        0.12153407544,
        0.11959782544,
        0.12205749244,
        0.12115074244000001,
        0.12236645044,
        0.12129395143999999,
        0.12123586744,
        0.13205311744,
        0.12155378344000001
      ],
      "memory_usage_byte": [
        66535424,
        66535424,
        66535424,
        66535424,
        66535424,
        66535424,
        66535424,
        66535424,
        66535424,
        66535424
      ],
      "exit_codes": [
        0,
        0,
        0,
        0,
        0,
        0,
        0,
        0,
        0,
        0
      ]
    },
    {
      "command": "JINX_JIT=1 $JINX_ROOT/target/release/jinx --readonly-mode --eval --strict $JINX_ROOT/bench/fib.nix",
      "mean": 0.07729160064000001,
      "stddev": 0.0024715153916348032,
      "median": 0.07668140894,
      "user": 0.07119636,
      "system": 0.004551600000000001,
      "min": 0.07378190944000002,
      "max": 0.08271774244000002,
      "times": [
        0.07516332544000001,
        0.07632695044000001,
        0.07378190944000002,
        0.07787840944000002,
        0.07646111744,
        0.07957620044,
        0.08271774244000002,
        0.07626807544,
        0.07690170044,
        0.07784057544
      ],
      "memory_usage_byte": [
        68927488,
        68927488,
        68927488,
        68927488,
        68927488,
        68927488,
        68927488,
        68927488,
        68927488,
        68927488
      ],
      "exit_codes": [
        0,
        0,
        0,
        0,
        0,
        0,
        0,
        0,
        0,
        0
      ]
    }
  ]
}
