{
  "results": [
    {
      "command": "$JINX_ROOT/.oracle/bin/nix-instantiate --readonly-mode $NIXPKGS -A firefox",
      "mean": 0.6111272392200001,
      "stddev": 0.007495825757763934,
      "median": 0.6091130142200001,
      "user": 0.51333914,
      "system": 0.09178824,
      "min": 0.6040460562200001,
      "max": 0.6230242642200001,
      "times": [
        0.6061848472200001,
        0.6091130142200001,
        0.6132680142200001,
        0.6230242642200001,
        0.6040460562200001
      ],
      "memory_usage_byte": [
        412712960,
        412778496,
        412827648,
        412827648,
        412827648
      ],
      "exit_codes": [
        0,
        0,
        0,
        0,
        0
      ]
    },
    {
      "command": "JINX_JIT=0 $JINX_ROOT/target/release/jinx --readonly-mode $NIXPKGS -A firefox",
      "mean": 0.48260718942,
      "stddev": 0.005738794275827766,
      "median": 0.48500130622000004,
      "user": 0.37946073999999996,
      "system": 0.09939963999999998,
      "min": 0.47572438922000004,
      "max": 0.48791826422,
      "times": [
        0.48500130622000004,
        0.47719176422000004,
        0.47572438922000004,
        0.48791826422,
        0.48720022322
      ],
      "memory_usage_byte": [
        742014976,
        742014976,
        742014976,
        742031360,
        742031360
      ],
      "exit_codes": [
        0,
        0,
        0,
        0,
        0
      ]
    },
    {
      "command": "JINX_JIT=1 $JINX_ROOT/target/release/jinx --readonly-mode $NIXPKGS -A firefox",
      "mean": 0.48287203062,
      "stddev": 0.0044306742789203294,
      "median": 0.48069418022000004,
      "user": 0.40017153999999994,
      "system": 0.09812543999999998,
      "min": 0.47968918122000004,
      "max": 0.49049643022,
      "times": [
        0.48295597222000003,
        0.47968918122000004,
        0.48052438922,
        0.48069418022000004,
        0.49049643022
      ],
      "memory_usage_byte": [
        748617728,
        748666880,
        748666880,
        748666880,
        748666880
      ],
      "exit_codes": [
        0,
        0,
        0,
        0,
        0
      ]
    },
    {
      "command": "JINX_JIT=1 JINX_GC_OFF=1 $JINX_ROOT/target/release/jinx --readonly-mode $NIXPKGS -A firefox",
      "mean": 0.48705473062000004,
      "stddev": 0.009795365152039914,
      "median": 0.48423013922,
      "user": 0.39682114,
      "system": 0.10487044000000001,
      "min": 0.47704801422000004,
      "max": 0.5020849302200001,
      "times": [
        0.48108909722000004,
        0.47704801422000004,
        0.5020849302200001,
        0.49082147222000005,
        0.48423013922
      ],
      "memory_usage_byte": [
        748666880,
        748666880,
        748666880,
        748683264,
        748699648
      ],
      "exit_codes": [
        0,
        0,
        0,
        0,
        0
      ]
    }
  ]
}
