{
  "results": [
    {
      "command": "$JINX_ROOT/.oracle/bin/nix-instantiate --readonly-mode $NIXPKGS -A firefox",
      "mean": 0.578766514,
      "stddev": 0.011632893253724809,
      "median": 0.5837651388000001,
      "user": 0.48991482,
      "system": 0.07965649999999999,
      "min": 0.5649392228000001,
      "max": 0.5927209308000001,
      "times": [
        0.5838604718000001,
        0.5649392228000001,
        0.5927209308000001,
        0.5685468058,
        0.5837651388000001
      ],
      "memory_usage_byte": [
        374194176,
        374194176,
        374194176,
        374194176,
        374194176
      ],
      "exit_codes": [
        0,
        0,
        0,
        0,
        0
      ]
    },
    {
      "command": "JINX_JIT=0 $JINX_ROOT/target/release/jinx --readonly-mode $NIXPKGS -A firefox",
      "mean": 1.2811950308,
      "stddev": 0.08946882798806506,
      "median": 1.2531059728,
      "user": 0.95528122,
      "system": 0.2784481,
      "min": 1.1765306808,
      "max": 1.4083365148,
      "times": [
        1.2531059728,
        1.2387552218,
        1.1765306808,
        1.4083365148,
        1.3292467638
      ],
      "memory_usage_byte": [
        642252800,
        642252800,
        642252800,
        642252800,
        642252800
      ],
      "exit_codes": [
        0,
        0,
        0,
        0,
        0
      ]
    },
    {
      "command": "JINX_JIT=1 $JINX_ROOT/target/release/jinx --readonly-mode $NIXPKGS -A firefox",
      "mean": 1.2693771306000001,
      "stddev": 0.02408323920939183,
      "median": 1.2631235558,
      "user": 0.9887534199999999,
      "system": 0.26386089999999995,
      "min": 1.2407132217999999,
      "max": 1.2976195968,
      "times": [
        1.2407132217999999,
        1.2631235558,
        1.2976195968,
        1.2548349308,
        1.2905943478
      ],
      "memory_usage_byte": [
        652361728,
        652361728,
        652361728,
        652361728,
        652361728
      ],
      "exit_codes": [
        0,
        0,
        0,
        0,
        0
      ]
    },
    {
      "command": "JINX_JIT=1 JINX_GC_OFF=1 $JINX_ROOT/target/release/jinx --readonly-mode $NIXPKGS -A firefox",
      "mean": 1.3000067389999999,
      "stddev": 0.07617743539164708,
      "median": 1.3008465978,
      "user": 0.94947862,
      "system": 0.29281769999999996,
      "min": 1.2071522637999998,
      "max": 1.4175350558,
      "times": [
        1.3008465978,
        1.4175350558,
        1.3022660138,
        1.2722337638,
        1.2071522637999998
      ],
      "memory_usage_byte": [
        724762624,
        725336064,
        725336064,
        725336064,
        725336064
      ],
      "exit_codes": [
        0,
        0,
        0,
        0,
        0
      ]
    }
  ]
}
