{
  "results": [
    {
      "command": "/nix/var/nix/profiles/default/bin/nix-instantiate --readonly-mode /Users/siraben/Git/nixpkgs -A firefox",
      "mean": 0.6563494951400001,
      "stddev": 0.008180883399113315,
      "median": 0.65687664494,
      "user": 0.5665262399999998,
      "system": 0.19097576,
      "min": 0.64855947894,
      "max": 0.66916301994,
      "times": [
        0.65725885394,
        0.65687664494,
        0.6498894779400001,
        0.66916301994,
        0.64855947894
      ],
      "memory_usage_byte": [
        425377792,
        425377792,
        425377792,
        425377792,
        425377792
      ],
      "exit_codes": [
        0,
        0,
        0,
        0,
        0
      ]
    },
    {
      "command": "JINX_JIT=0 /Users/siraben/Git/jinx/target/release/jinx --readonly-mode /Users/siraben/Git/nixpkgs -A firefox",
      "mean": 0.46698359494,
      "stddev": 0.004008726968327676,
      "median": 0.46705635294000003,
      "user": 0.39039843999999996,
      "system": 0.06689436000000001,
      "min": 0.46167710394,
      "max": 0.47166014494,
      "times": [
        0.47166014494,
        0.46460793694,
        0.46167710394,
        0.46991643594000004,
        0.46705635294000003
      ],
      "memory_usage_byte": [
        545636352,
        545636352,
        545652736,
        545652736,
        545652736
      ],
      "exit_codes": [
        0,
        0,
        0,
        0,
        0
      ]
    },
    {
      "command": "JINX_JIT=1 /Users/siraben/Git/jinx/target/release/jinx --readonly-mode /Users/siraben/Git/nixpkgs -A firefox",
      "mean": 0.47102529494,
      "stddev": 0.004741993148859823,
      "median": 0.47171514494,
      "user": 0.40686864000000006,
      "system": 0.07325316000000001,
      "min": 0.46367601994,
      "max": 0.47693806094,
      "times": [
        0.47171514494,
        0.47172931194,
        0.47106793694000004,
        0.46367601994,
        0.47693806094
      ],
      "memory_usage_byte": [
        557187072,
        557187072,
        557203456,
        557203456,
        557203456
      ],
      "exit_codes": [
        0,
        0,
        0,
        0,
        0
      ]
    },
    {
      "command": "JINX_JIT=1 JINX_GC_OFF=1 /Users/siraben/Git/jinx/target/release/jinx --readonly-mode /Users/siraben/Git/nixpkgs -A firefox",
      "mean": 0.47269562014,
      "stddev": 0.008426074443924314,
      "median": 0.47100156194000004,
      "user": 0.40736904,
      "system": 0.07082256,
      "min": 0.46491976994,
      "max": 0.48435456194000004,
      "times": [
        0.46491976994,
        0.48435456194000004,
        0.47801726994000004,
        0.46518493694,
        0.47100156194000004
      ],
      "memory_usage_byte": [
        557203456,
        557203456,
        557203456,
        557203456,
        557203456
      ],
      "exit_codes": [
        0,
        0,
        0,
        0,
        0
      ]
    }
  ]
}
