{
  "results": [
    {
      "command": "/nix/var/nix/profiles/default/bin/nix-instantiate --readonly-mode /Users/siraben/Git/nixpkgs -A firefox",
      "mean": 0.7475315383600002,
      "stddev": 0.028502772126464102,
      "median": 0.74413869236,
      "user": 0.62371008,
      "system": 0.23922162,
      "min": 0.71024573436,
      "max": 0.80278231736,
      "times": [
        0.72398552636,
        0.74282127536,
        0.75784931736,
        0.71927477636,
        0.71024573436,
        0.80278231736,
        0.74436644236,
        0.74566035936,
        0.74391094236,
        0.7844186923600001
      ],
      "memory_usage_byte": [
        427704320,
        428900352,
        428900352,
        428900352,
        428900352,
        428900352,
        428900352,
        428900352,
        428900352,
        428900352
      ],
      "exit_codes": [
        0,
        0,
        0,
        0,
        0,
        0,
        0,
        0,
        0,
        0
      ]
    },
    {
      "command": "JINX_JIT=0 /Users/siraben/Git/jinx/target/release/jinx --readonly-mode /Users/siraben/Git/nixpkgs -A firefox",
      "mean": 0.48973198805999996,
      "stddev": 0.019131548964524413,
      "median": 0.48638362986000006,
      "user": 0.40420558,
      "system": 0.07373961999999999,
      "min": 0.46664065136000005,
      "max": 0.51929594236,
      "times": [
        0.51929594236,
        0.51022623336,
        0.50977606736,
        0.47016765036,
        0.48033723436000003,
        0.49243002536,
        0.47113860836000004,
        0.46664065136000005,
        0.49958044236000004,
        0.47772702536000006
      ],
      "memory_usage_byte": [
        545636352,
        545636352,
        545636352,
        545636352,
        545636352,
        545636352,
        545636352,
        545636352,
        545636352,
        545636352
      ],
      "exit_codes": [
        0,
        0,
        0,
        0,
        0,
        0,
        0,
        0,
        0,
        0
      ]
    },
    {
      "command": "JINX_JIT=1 /Users/siraben/Git/jinx/target/release/jinx --readonly-mode /Users/siraben/Git/nixpkgs -A firefox",
      "mean": 0.52587663826,
      "stddev": 0.027805009359887816,
      "median": 0.52847894286,
      "user": 0.4405486799999999,
      "system": 0.08965732,
      "min": 0.48392085936000007,
      "max": 0.57397135836,
      "times": [
        0.51079094236,
        0.48492477536000006,
        0.57397135836,
        0.52813640136,
        0.53217935936,
        0.48392085936000007,
        0.5281222343599999,
        0.52882148436,
        0.53236840036,
        0.55553056736
      ],
      "memory_usage_byte": [
        557121536,
        557121536,
        557121536,
        557121536,
        557121536,
        557121536,
        557121536,
        557121536,
        557121536,
        557121536
      ],
      "exit_codes": [
        0,
        0,
        0,
        0,
        0,
        0,
        0,
        0,
        0,
        0
      ]
    },
    {
      "command": "JINX_JIT=1 JINX_GC_OFF=1 /Users/siraben/Git/jinx/target/release/jinx --readonly-mode /Users/siraben/Git/nixpkgs -A firefox",
      "mean": 0.55087435456,
      "stddev": 0.05974917268453961,
      "median": 0.53801196286,
      "user": 0.45322298000000005,
      "system": 0.10066581999999999,
      "min": 0.47860715036000007,
      "max": 0.65466785836,
      "times": [
        0.59312460836,
        0.5994728593599999,
        0.65466785836,
        0.60467585836,
        0.55813290036,
        0.51694402536,
        0.51789102536,
        0.49506865036000003,
        0.49015860936000005,
        0.47860715036000007
      ],
      "memory_usage_byte": [
        557121536,
        557121536,
        557121536,
        557121536,
        557121536,
        557121536,
        557121536,
        557121536,
        557121536,
        557121536
      ],
      "exit_codes": [
        0,
        0,
        0,
        0,
        0,
        0,
        0,
        0,
        0,
        0
      ]
    }
  ]
}
