{
  "results": [
    {
      "command": "$JINX_ROOT/.oracle/bin/nix-instantiate --readonly-mode $NIXPKGS -A firefox",
      "mean": 0.5903910996,
      "stddev": 0.006247594516641772,
      "median": 0.5887711662,
      "user": 0.5105873400000001,
      "system": 0.07407466,
      "min": 0.5840754582000001,
      "max": 0.6007490412000001,
      "times": [
        0.5878765832,
        0.5840754582000001,
        0.5887711662,
        0.5904832492000001,
        0.6007490412000001
      ],
      "memory_usage_byte": [
        412909568,
        412909568,
        412909568,
        412909568,
        412909568
      ],
      "exit_codes": [
        0,
        0,
        0,
        0,
        0
      ]
    },
    {
      "command": "JINX_JIT=0 $JINX_ROOT/target/release/jinx --readonly-mode $NIXPKGS -A firefox",
      "mean": 0.4601921408,
      "stddev": 0.003936472148544525,
      "median": 0.4592056242,
      "user": 0.38040734,
      "system": 0.07283186,
      "min": 0.4554016242,
      "max": 0.4659756652,
      "times": [
        0.4554016242,
        0.4659756652,
        0.4617074162,
        0.4592056242,
        0.4586703742
      ],
      "memory_usage_byte": [
        747831296,
        747831296,
        747831296,
        747831296,
        747831296
      ],
      "exit_codes": [
        0,
        0,
        0,
        0,
        0
      ]
    },
    {
      "command": "JINX_JIT=1 $JINX_ROOT/target/release/jinx --readonly-mode $NIXPKGS -A firefox",
      "mean": 0.47714989059999996,
      "stddev": 0.013846530146296684,
      "median": 0.4789289572,
      "user": 0.40755814,
      "system": 0.07532406,
      "min": 0.4568119572,
      "max": 0.4952947072,
      "times": [
        0.4952947072,
        0.4805809572,
        0.4741328742,
        0.4789289572,
        0.4568119572
      ],
      "memory_usage_byte": [
        757710848,
        757710848,
        757727232,
        757727232,
        757727232
      ],
      "exit_codes": [
        0,
        0,
        0,
        0,
        0
      ]
    },
    {
      "command": "JINX_JIT=1 JINX_GC_OFF=1 $JINX_ROOT/target/release/jinx --readonly-mode $NIXPKGS -A firefox",
      "mean": 0.46470905740000007,
      "stddev": 0.006987374949059815,
      "median": 0.46044595720000003,
      "user": 0.39815394000000004,
      "system": 0.07365946000000001,
      "min": 0.4588813742,
      "max": 0.4742388322,
      "times": [
        0.47009758220000003,
        0.46044595720000003,
        0.4588813742,
        0.4598815412,
        0.4742388322
      ],
      "memory_usage_byte": [
        757727232,
        757727232,
        757727232,
        757727232,
        757727232
      ],
      "exit_codes": [
        0,
        0,
        0,
        0,
        0
      ]
    }
  ]
}
