{
  "results": [
    {
      "command": "$JINX_ROOT/.oracle/bin/nix-instantiate --readonly-mode $NIXPKGS -A firefox",
      "mean": 0.6248092989,
      "stddev": 0.014319266831160943,
      "median": 0.6180386735000001,
      "user": 0.52188796,
      "system": 0.09574537999999999,
      "min": 0.6095270905000001,
      "max": 0.6408328825,
      "times": [
        0.6095270905000001,
        0.6180386735000001,
        0.6162946745000001,
        0.6408328825,
        0.6393531735000001
      ],
      "memory_usage_byte": [
        373899264,
        373899264,
        373899264,
        373899264,
        373932032
      ],
      "exit_codes": [
        0,
        0,
        0,
        0,
        0
      ]
    },
    {
      "command": "JINX_JIT=0 $JINX_ROOT/target/release/jinx --readonly-mode $NIXPKGS -A firefox",
      "mean": 0.6239993741000001,
      "stddev": 0.003886719240460433,
      "median": 0.6230885075000001,
      "user": 0.5148725599999999,
      "system": 0.10523837999999999,
      "min": 0.6198378825,
      "max": 0.6282764655,
      "times": [
        0.6198378825,
        0.6278371325000001,
        0.6209568825,
        0.6230885075000001,
        0.6282764655
      ],
      "memory_usage_byte": [
        711786496,
        711786496,
        711786496,
        711786496,
        711786496
      ],
      "exit_codes": [
        0,
        0,
        0,
        0,
        0
      ]
    },
    {
      "command": "JINX_JIT=1 $JINX_ROOT/target/release/jinx --readonly-mode $NIXPKGS -A firefox",
      "mean": 0.6668491327,
      "stddev": 0.01902791098735928,
      "median": 0.6567038825000001,
      "user": 0.5484695599999999,
      "system": 0.11244357999999999,
      "min": 0.6490881745000001,
      "max": 0.6931580905000001,
      "times": [
        0.6546779665000001,
        0.6490881745000001,
        0.6567038825000001,
        0.6806175495000001,
        0.6931580905000001
      ],
      "memory_usage_byte": [
        715866112,
        715866112,
        715866112,
        715866112,
        715882496
      ],
      "exit_codes": [
        0,
        0,
        0,
        0,
        0
      ]
    },
    {
      "command": "JINX_JIT=1 JINX_GC_OFF=1 $JINX_ROOT/target/release/jinx --readonly-mode $NIXPKGS -A firefox",
      "mean": 0.6469157661,
      "stddev": 0.008449463715661035,
      "median": 0.6516592995000001,
      "user": 0.5400643599999999,
      "system": 0.10372437999999999,
      "min": 0.6367666325000001,
      "max": 0.6552219245,
      "times": [
        0.6388750075,
        0.6516592995000001,
        0.6520559665000001,
        0.6367666325000001,
        0.6552219245
      ],
      "memory_usage_byte": [
        715882496,
        715882496,
        715882496,
        715882496,
        715882496
      ],
      "exit_codes": [
        0,
        0,
        0,
        0,
        0
      ]
    }
  ]
}
