{
  "results": [
    {
      "command": "$JINX_ROOT/.oracle/bin/nix-instantiate --readonly-mode $NIXPKGS -A firefox",
      "mean": 0.5873344092200001,
      "stddev": 0.013178707493405006,
      "median": 0.5828720758200001,
      "user": 0.49241078,
      "system": 0.08458181999999999,
      "min": 0.5750689088200001,
      "max": 0.60181020082,
      "times": [
        0.5759649508200001,
        0.6009559098200001,
        0.60181020082,
        0.5828720758200001,
        0.5750689088200001
      ],
      "memory_usage_byte": [
        374046720,
        374046720,
        374046720,
        374046720,
        374079488
      ],
      "exit_codes": [
        0,
        0,
        0,
        0,
        0
      ]
    },
    {
      "command": "JINX_JIT=0 $JINX_ROOT/target/release/jinx --readonly-mode $NIXPKGS -A firefox",
      "mean": 0.5188824176200001,
      "stddev": 0.010134468776462213,
      "median": 0.5175121178200001,
      "user": 0.42008678,
      "system": 0.09058602,
      "min": 0.5049927838200001,
      "max": 0.5330507428200001,
      "times": [
        0.5330507428200001,
        0.5221386588200001,
        0.5167177848200001,
        0.5049927838200001,
        0.5175121178200001
      ],
      "memory_usage_byte": [
        711196672,
        711196672,
        711196672,
        711196672,
        711196672
      ],
      "exit_codes": [
        0,
        0,
        0,
        0,
        0
      ]
    },
    {
      "command": "JINX_JIT=1 $JINX_ROOT/target/release/jinx --readonly-mode $NIXPKGS -A firefox",
      "mean": 0.5341781344200001,
      "stddev": 0.01631499405507889,
      "median": 0.53259040982,
      "user": 0.4390525800000001,
      "system": 0.10166101999999999,
      "min": 0.5196998678200001,
      "max": 0.5615383258200001,
      "times": [
        0.53259040982,
        0.5330152008200001,
        0.5615383258200001,
        0.5196998678200001,
        0.5240468678200001
      ],
      "memory_usage_byte": [
        716029952,
        716029952,
        716439552,
        716439552,
        716521472
      ],
      "exit_codes": [
        0,
        0,
        0,
        0,
        0
      ]
    },
    {
      "command": "JINX_JIT=1 JINX_GC_OFF=1 $JINX_ROOT/target/release/jinx --readonly-mode $NIXPKGS -A firefox",
      "mean": 0.53257363422,
      "stddev": 0.015155894803339506,
      "median": 0.53136420082,
      "user": 0.43888398000000006,
      "system": 0.09996062,
      "min": 0.51399961782,
      "max": 0.55160332582,
      "times": [
        0.51399961782,
        0.5431958668200001,
        0.55160332582,
        0.5227051598200001,
        0.53136420082
      ],
      "memory_usage_byte": [
        716521472,
        716521472,
        716521472,
        716521472,
        716521472
      ],
      "exit_codes": [
        0,
        0,
        0,
        0,
        0
      ]
    }
  ]
}
