{
  "results": [
    {
      "command": "$JINX_ROOT/.oracle/bin/nix-instantiate --readonly-mode $NIXPKGS -A hello",
      "mean": 0.2665308485800001,
      "stddev": 0.005302278278954997,
      "median": 0.26708112388000005,
      "user": 0.19935192000000002,
      "system": 0.06134848,
      "min": 0.25781218588000004,
      "max": 0.27807281088,
      "times": [
        0.27807281088,
        0.26799581088,
        0.26811835288,
        0.26785051988,
        0.26417622788000006,
        0.25781218588000004,
        0.26848547788000005,
        0.26146072788,
        0.26502464388,
        0.26631172788
      ],
      "memory_usage_byte": [
        144080896,
        144080896,
        144080896,
        144080896,
        144080896,
        144080896,
        144080896,
        144080896,
        144080896,
        144080896
      ],
      "exit_codes": [
        0,
        0,
        0,
        0,
        0,
        0,
        0,
        0,
        0,
        0
      ]
    },
    {
      "command": "JINX_JIT=0 $JINX_ROOT/target/release/jinx --readonly-mode $NIXPKGS -A hello",
      "mean": 0.24119928998000004,
      "stddev": 0.0034545563096989103,
      "median": 0.24099276938000003,
      "user": 0.17983722,
      "system": 0.056700479999999984,
      "min": 0.23454243588,
      "max": 0.24552701888000003,
      "times": [
        0.24112585288000002,
        0.24146676988000002,
        0.24552701888000003,
        0.24542656088,
        0.23788689388,
        0.23454243588,
        0.24475914388,
        0.24085968588,
        0.24077197688000002,
        0.23962656088
      ],
      "memory_usage_byte": [
        245514240,
        245514240,
        245514240,
        245514240,
        245514240,
        245514240,
        245514240,
        245514240,
        245514240,
        245514240
      ],
      "exit_codes": [
        0,
        0,
        0,
        0,
        0,
        0,
        0,
        0,
        0,
        0
      ]
    },
    {
      "command": "JINX_JIT=1 $JINX_ROOT/target/release/jinx --readonly-mode $NIXPKGS -A hello",
      "mean": 0.24688521498,
      "stddev": 0.0020690541570183717,
      "median": 0.24740051938000002,
      "user": 0.18551141999999998,
      "system": 0.05648977999999999,
      "min": 0.24349118588000002,
      "max": 0.25020560288000004,
      "times": [
        0.25020560288000004,
        0.24761076888000003,
        0.24349118588000002,
        0.24760472788000001,
        0.24719631088000002,
        0.24818106088,
        0.24349910288,
        0.24806235188,
        0.24659256088,
        0.24640847688000003
      ],
      "memory_usage_byte": [
        246513664,
        246513664,
        246513664,
        246513664,
        246513664,
        246513664,
        246513664,
        246513664,
        246513664,
        246513664
      ],
      "exit_codes": [
        0,
        0,
        0,
        0,
        0,
        0,
        0,
        0,
        0,
        0
      ]
    },
    {
      "command": "JINX_JIT=1 JINX_GC_OFF=1 $JINX_ROOT/target/release/jinx --readonly-mode $NIXPKGS -A hello",
      "mean": 0.25054888598,
      "stddev": 0.003168246278171426,
      "median": 0.25142547788,
      "user": 0.18792601999999997,
      "system": 0.05728187999999999,
      "min": 0.24642431088000002,
      "max": 0.25555293588000005,
      "times": [
        0.24700885288,
        0.25048789488000006,
        0.25286931088000003,
        0.24811668588,
        0.25555293588000005,
        0.25236306088000005,
        0.24642431088000002,
        0.24716435288000002,
        0.25281926888000006,
        0.25268218588
      ],
      "memory_usage_byte": [
        246513664,
        246513664,
        246513664,
        246513664,
        246513664,
        246513664,
        246513664,
        246513664,
        246513664,
        246513664
      ],
      "exit_codes": [
        0,
        0,
        0,
        0,
        0,
        0,
        0,
        0,
        0,
        0
      ]
    }
  ]
}
