{
  "results": [
    {
      "command": "/nix/var/nix/profiles/default/bin/nix-instantiate --readonly-mode /Users/siraben/Git/nixpkgs -A hello",
      "mean": 0.22837907748,
      "stddev": 0.004116535623100336,
      "median": 0.22719998998000002,
      "user": 0.17378612,
      "system": 0.07578991999999998,
      "min": 0.22398344898,
      "max": 0.23528111498,
      "times": [
        0.22485744798,
        0.22753473998,
        0.23133953198,
        0.23128078098000002,
        0.22430319898,
        0.22498394798000002,
        0.22686523998,
        0.23336132298,
        0.22398344898,
        0.23528111498
      ],
      "memory_usage_byte": [
        142245888,
        142245888,
        142245888,
        142245888,
        142245888,
        142245888,
        142245888,
        142245888,
        142245888,
        142491648
      ],
      "exit_codes": [
        0,
        0,
        0,
        0,
        0,
        0,
        0,
        0,
        0,
        0
      ]
    },
    {
      "command": "JINX_JIT=0 /Users/siraben/Git/jinx/target/release/jinx --readonly-mode /Users/siraben/Git/nixpkgs -A hello",
      "mean": 0.15183829838000001,
      "stddev": 0.002962764144728858,
      "median": 0.15112578148,
      "user": 0.11292242,
      "system": 0.03550482,
      "min": 0.14901257398,
      "max": 0.15875603098,
      "times": [
        0.14906298998,
        0.14967961498,
        0.14901257398,
        0.15088919798,
        0.15142778198,
        0.15136236498,
        0.15086994798,
        0.15875603098,
        0.15268144898,
        0.15464103198
      ],
      "memory_usage_byte": [
        166854656,
        166854656,
        166854656,
        166854656,
        166871040,
        166871040,
        166871040,
        166871040,
        166871040,
        166871040
      ],
      "exit_codes": [
        0,
        0,
        0,
        0,
        0,
        0,
        0,
        0,
        0,
        0
      ]
    },
    {
      "command": "JINX_JIT=1 /Users/siraben/Git/jinx/target/release/jinx --readonly-mode /Users/siraben/Git/nixpkgs -A hello",
      "mean": 0.15191796068000002,
      "stddev": 0.00223463662473144,
      "median": 0.15100065598,
      "user": 0.11302892,
      "system": 0.03614491999999999,
      "min": 0.14968457297999999,
      "max": 0.15596319798,
      "times": [
        0.15596319798,
        0.15132090598,
        0.15068040598,
        0.15247173998,
        0.15475665598,
        0.15385757398,
        0.15048303198,
        0.15005478198,
        0.14990673998,
        0.14968457297999999
      ],
      "memory_usage_byte": [
        166871040,
        166871040,
        166871040,
        166871040,
        166871040,
        166871040,
        166871040,
        166871040,
        166871040,
        166871040
      ],
      "exit_codes": [
        0,
        0,
        0,
        0,
        0,
        0,
        0,
        0,
        0,
        0
      ]
    },
    {
      "command": "JINX_JIT=1 JINX_GC_OFF=1 /Users/siraben/Git/jinx/target/release/jinx --readonly-mode /Users/siraben/Git/nixpkgs -A hello",
      "mean": 0.15263621918,
      "stddev": 0.003972960379244394,
      "median": 0.15085369798,
      "user": 0.11372542,
      "system": 0.035992220000000005,
      "min": 0.14871678198,
      "max": 0.16056732298,
      "times": [
        0.14871678198,
        0.14971482398,
        0.15270003198,
        0.15440140598,
        0.14993023998,
        0.15062415598,
        0.15108323998,
        0.15026603198,
        0.15835815698,
        0.16056732298
      ],
      "memory_usage_byte": [
        166871040,
        166871040,
        166871040,
        166871040,
        166871040,
        166871040,
        166871040,
        166871040,
        166871040,
        166871040
      ],
      "exit_codes": [
        0,
        0,
        0,
        0,
        0,
        0,
        0,
        0,
        0,
        0
      ]
    }
  ]
}
