{
  "results": [
    {
      "command": "/nix/var/nix/profiles/default/bin/nix-instantiate --readonly-mode /Users/siraben/Git/nixpkgs -A hello",
      "mean": 0.22652719426,
      "stddev": 0.003569863415398062,
      "median": 0.22540635256000002,
      "user": 0.17327173999999998,
      "system": 0.07510515999999999,
      "min": 0.22247095606000003,
      "max": 0.23319724806000003,
      "times": [
        0.22435529006000002,
        0.22993295706000003,
        0.22367166506000002,
        0.22412712406000002,
        0.22900541506000002,
        0.22645741506000003,
        0.22893166506,
        0.23319724806000003,
        0.22247095606000003,
        0.22312220706000002
      ],
      "memory_usage_byte": [
        142934016,
        142934016,
        142934016,
        142934016,
        142934016,
        142934016,
        142934016,
        142934016,
        142934016,
        142934016
      ],
      "exit_codes": [
        0,
        0,
        0,
        0,
        0,
        0,
        0,
        0,
        0,
        0
      ]
    },
    {
      "command": "JINX_JIT=0 /Users/siraben/Git/jinx/target/release/jinx --readonly-mode /Users/siraben/Git/nixpkgs -A hello",
      "mean": 0.15364267766000003,
      "stddev": 0.005718022808874837,
      "median": 0.15104654056,
      "user": 0.11367513999999998,
      "system": 0.03658135999999999,
      "min": 0.14817666506000002,
      "max": 0.16730170606,
      "times": [
        0.15521554006000002,
        0.16730170606,
        0.15789541506000002,
        0.15104624906,
        0.15104683206000002,
        0.14983766506,
        0.15014729006000002,
        0.14817666506000002,
        0.15570070706,
        0.15005870706000002
      ],
      "memory_usage_byte": [
        166871040,
        166871040,
        166871040,
        166871040,
        166871040,
        166871040,
        166871040,
        166871040,
        166871040,
        166871040
      ],
      "exit_codes": [
        0,
        0,
        0,
        0,
        0,
        0,
        0,
        0,
        0,
        0
      ]
    },
    {
      "command": "JINX_JIT=1 /Users/siraben/Git/jinx/target/release/jinx --readonly-mode /Users/siraben/Git/nixpkgs -A hello",
      "mean": 0.15159060696,
      "stddev": 0.0025690291519226763,
      "median": 0.15089156056000003,
      "user": 0.11262844000000001,
      "system": 0.036246860000000006,
      "min": 0.14884566506000002,
      "max": 0.15609558206000002,
      "times": [
        0.14994808206000002,
        0.15172762406,
        0.15139162306,
        0.15039149806000002,
        0.14978845706000002,
        0.14884566506000002,
        0.14941987406,
        0.15592741506000002,
        0.15609558206000002,
        0.15237024906000002
      ],
      "memory_usage_byte": [
        166871040,
        166871040,
        166871040,
        166871040,
        166871040,
        166871040,
        166871040,
        166871040,
        166871040,
        166871040
      ],
      "exit_codes": [
        0,
        0,
        0,
        0,
        0,
        0,
        0,
        0,
        0,
        0
      ]
    },
    {
      "command": "JINX_JIT=1 JINX_GC_OFF=1 /Users/siraben/Git/jinx/target/release/jinx --readonly-mode /Users/siraben/Git/nixpkgs -A hello",
      "mean": 0.15444852336000003,
      "stddev": 0.004307905642855443,
      "median": 0.15494341506000003,
      "user": 0.11379014000000001,
      "system": 0.03762376,
      "min": 0.14941320706000003,
      "max": 0.16274824806000002,
      "times": [
        0.15049116506000002,
        0.16274824806000002,
        0.15363379006000003,
        0.15625304006000001,
        0.15726866506,
        0.15693945606,
        0.15694270706000002,
        0.15042008206000002,
        0.15037487306000002,
        0.14941320706000003
      ],
      "memory_usage_byte": [
        166871040,
        166871040,
        166871040,
        166871040,
        166871040,
        166871040,
        166871040,
        166871040,
        166871040,
        166871040
      ],
      "exit_codes": [
        0,
        0,
        0,
        0,
        0,
        0,
        0,
        0,
        0,
        0
      ]
    }
  ]
}
