{
  "results": [
    {
      "command": "$JINX_ROOT/.oracle/bin/nix-instantiate --readonly-mode $NIXPKGS -A hello",
      "mean": 0.2537849326,
      "stddev": 0.02653037452459276,
      "median": 0.2427896367,
      "user": 0.1891938,
      "system": 0.05091856,
      "min": 0.2315814287,
      "max": 0.3163465947,
      "times": [
        0.2356532617,
        0.2382620117,
        0.24811951170000002,
        0.2315814287,
        0.2416094697,
        0.24396980370000002,
        0.2394855537,
        0.2601064707,
        0.2827152197,
        0.3163465947
      ],
      "memory_usage_byte": [
        144867328,
        144867328,
        144867328,
        144867328,
        144867328,
        144867328,
        144867328,
        144867328,
        144867328,
        144867328
      ],
      "exit_codes": [
        0,
        0,
        0,
        0,
        0,
        0,
        0,
        0,
        0,
        0
      ]
    },
    {
      "command": "JINX_JIT=0 $JINX_ROOT/target/release/jinx --readonly-mode $NIXPKGS -A hello",
      "mean": 0.4613642367,
      "stddev": 0.029351870073601793,
      "median": 0.4516448662,
      "user": 0.33190899999999995,
      "system": 0.11202976,
      "min": 0.4261392617,
      "max": 0.5096299697000001,
      "times": [
        0.5096299697000001,
        0.4686537617,
        0.5028481777000001,
        0.4870378037,
        0.4409566787,
        0.4261392617,
        0.4379156367,
        0.4371713447,
        0.45384605370000003,
        0.4494436787
      ],
      "memory_usage_byte": [
        233963520,
        233963520,
        233963520,
        234831872,
        234831872,
        234831872,
        234831872,
        234831872,
        234831872,
        234831872
      ],
      "exit_codes": [
        0,
        0,
        0,
        0,
        0,
        0,
        0,
        0,
        0,
        0
      ]
    },
    {
      "command": "JINX_JIT=1 $JINX_ROOT/target/release/jinx --readonly-mode $NIXPKGS -A hello",
      "mean": 0.4585716035,
      "stddev": 0.014863453693926618,
      "median": 0.4578669702,
      "user": 0.33550230000000003,
      "system": 0.11115745999999997,
      "min": 0.4334110527,
      "max": 0.4896630537,
      "times": [
        0.4896630537,
        0.44863959470000003,
        0.45671309470000004,
        0.4510008867,
        0.4510313037,
        0.4590208457,
        0.4334110527,
        0.4685027617,
        0.46681559570000003,
        0.4609178457
      ],
      "memory_usage_byte": [
        237092864,
        237092864,
        237092864,
        237092864,
        237092864,
        237092864,
        237092864,
        237092864,
        237092864,
        237092864
      ],
      "exit_codes": [
        0,
        0,
        0,
        0,
        0,
        0,
        0,
        0,
        0,
        0
      ]
    },
    {
      "command": "JINX_JIT=1 JINX_GC_OFF=1 $JINX_ROOT/target/release/jinx --readonly-mode $NIXPKGS -A hello",
      "mean": 0.4817889284,
      "stddev": 0.04544104281359883,
      "median": 0.49364230370000006,
      "user": 0.33793829999999997,
      "system": 0.11651006000000001,
      "min": 0.4209327617,
      "max": 0.5469776367000001,
      "times": [
        0.5453874287000001,
        0.5469776367000001,
        0.49241542870000005,
        0.49700738670000005,
        0.4948691787,
        0.4967041777,
        0.4657526367,
        0.4296191787,
        0.4209327617,
        0.4282234697
      ],
      "memory_usage_byte": [
        250773504,
        250773504,
        250773504,
        250773504,
        250773504,
        250773504,
        250773504,
        250773504,
        250773504,
        250773504
      ],
      "exit_codes": [
        0,
        0,
        0,
        0,
        0,
        0,
        0,
        0,
        0,
        0
      ]
    }
  ]
}
