{
  "results": [
    {
      "command": "$JINX_ROOT/.oracle/bin/nix-instantiate --readonly-mode $NIXPKGS -A hello",
      "mean": 0.19863517417999998,
      "stddev": 0.001447684181289248,
      "median": 0.19833455298000002,
      "user": 0.15455762,
      "system": 0.04093564,
      "min": 0.19711024148,
      "max": 0.20090632448,
      "times": [
        0.20090632448,
        0.19843969848,
        0.20045482448,
        0.19711024148,
        0.19955103248,
        0.19712332348,
        0.19822940748,
        0.19732603248,
        0.19737569948,
        0.19983515748
      ],
      "memory_usage_byte": [
        130711552,
        130711552,
        130711552,
        130711552,
        130711552,
        130711552,
        130711552,
        130727936,
        130727936,
        130727936
      ],
      "exit_codes": [
        0,
        0,
        0,
        0,
        0,
        0,
        0,
        0,
        0,
        0
      ]
    },
    {
      "command": "JINX_JIT=0 $JINX_ROOT/target/release/jinx --readonly-mode $NIXPKGS -A hello",
      "mean": 0.15522150318,
      "stddev": 0.0025910549582272486,
      "median": 0.15469065748,
      "user": 0.11505381999999997,
      "system": 0.03736963999999999,
      "min": 0.15341428248,
      "max": 0.16236394948,
      "times": [
        0.15487974048,
        0.15450157448,
        0.15341428248,
        0.15393094848,
        0.16236394948,
        0.15524811548,
        0.15520269847999998,
        0.15359453248,
        0.15490207447999998,
        0.15417711548
      ],
      "memory_usage_byte": [
        210173952,
        210173952,
        210173952,
        210173952,
        210173952,
        210173952,
        210173952,
        210173952,
        210173952,
        210173952
      ],
      "exit_codes": [
        0,
        0,
        0,
        0,
        0,
        0,
        0,
        0,
        0,
        0
      ]
    },
    {
      "command": "JINX_JIT=1 $JINX_ROOT/target/release/jinx --readonly-mode $NIXPKGS -A hello",
      "mean": 0.15564677417999997,
      "stddev": 0.00309889428361562,
      "median": 0.15540959498,
      "user": 0.11551072,
      "system": 0.037575239999999996,
      "min": 0.15034382448,
      "max": 0.16168507348,
      "times": [
        0.15034382448,
        0.15765969848,
        0.15417640748,
        0.15340524048,
        0.15615874048,
        0.16168507348,
        0.15817507448,
        0.15619386648,
        0.15466044948,
        0.15400936648
      ],
      "memory_usage_byte": [
        211189760,
        211189760,
        211189760,
        211189760,
        211206144,
        211206144,
        211206144,
        211206144,
        211206144,
        211206144
      ],
      "exit_codes": [
        0,
        0,
        0,
        0,
        0,
        0,
        0,
        0,
        0,
        0
      ]
    },
    {
      "command": "JINX_JIT=1 JINX_GC_OFF=1 $JINX_ROOT/target/release/jinx --readonly-mode $NIXPKGS -A hello",
      "mean": 0.15095286178,
      "stddev": 0.0031433890129076002,
      "median": 0.15102267848,
      "user": 0.11238312000000002,
      "system": 0.03616554000000001,
      "min": 0.14677869948,
      "max": 0.15518057348,
      "times": [
        0.14951161648,
        0.15253374047999999,
        0.14836853248,
        0.14791794948,
        0.14677869948,
        0.14793244948,
        0.15518057348,
        0.15340324148,
        0.15377590748,
        0.15412590748
      ],
      "memory_usage_byte": [
        211206144,
        211206144,
        211206144,
        211206144,
        211206144,
        211206144,
        211206144,
        211206144,
        211206144,
        211206144
      ],
      "exit_codes": [
        0,
        0,
        0,
        0,
        0,
        0,
        0,
        0,
        0,
        0
      ]
    }
  ]
}
