{
  "results": [
    {
      "command": "$JINX_ROOT/.oracle/bin/nix-instantiate --readonly-mode $NIXPKGS -A hello",
      "mean": 0.21415247834000004,
      "stddev": 0.001764982056049674,
      "median": 0.21357173254,
      "user": 0.1577386,
      "system": 0.05260988,
      "min": 0.21212104504,
      "max": 0.21697725404,
      "times": [
        0.21555154504000001,
        0.21326996204,
        0.21569833604,
        0.21697725404,
        0.21212104504,
        0.21387350304,
        0.21325171104,
        0.21237667004000002,
        0.21236433704000002,
        0.21604042004000001
      ],
      "memory_usage_byte": [
        130842624,
        130842624,
        130842624,
        130842624,
        130842624,
        130842624,
        130842624,
        130842624,
        130842624,
        130842624
      ],
      "exit_codes": [
        0,
        0,
        0,
        0,
        0,
        0,
        0,
        0,
        0,
        0
      ]
    },
    {
      "command": "JINX_JIT=0 $JINX_ROOT/target/release/jinx --readonly-mode $NIXPKGS -A hello",
      "mean": 0.17911026184000003,
      "stddev": 0.009369545366014144,
      "median": 0.18298900354000003,
      "user": 0.1201479,
      "system": 0.054464580000000005,
      "min": 0.16665671104000002,
      "max": 0.19076933704000001,
      "times": [
        0.19076933704000001,
        0.18237104504,
        0.16991962904,
        0.18360696204000002,
        0.16665671104000002,
        0.16885762804,
        0.18424596204000002,
        0.18449692004,
        0.19060883704,
        0.16956958704
      ],
      "memory_usage_byte": [
        208715776,
        208715776,
        208715776,
        208715776,
        208715776,
        208715776,
        208715776,
        208715776,
        208715776,
        208715776
      ],
      "exit_codes": [
        0,
        0,
        0,
        0,
        0,
        0,
        0,
        0,
        0,
        0
      ]
    },
    {
      "command": "JINX_JIT=1 $JINX_ROOT/target/release/jinx --readonly-mode $NIXPKGS -A hello",
      "mean": 0.16991687834,
      "stddev": 0.004468321643195177,
      "median": 0.16960510804,
      "user": 0.114958,
      "system": 0.051930979999999995,
      "min": 0.16033754504,
      "max": 0.17663012804,
      "times": [
        0.16820308704,
        0.16697421104000001,
        0.16033754504,
        0.16964650404,
        0.16875600304,
        0.17302825304,
        0.16956371204,
        0.17366529504,
        0.17663012804,
        0.17236404504
      ],
      "memory_usage_byte": [
        210452480,
        210452480,
        210452480,
        210452480,
        210452480,
        210452480,
        210452480,
        210452480,
        210452480,
        210452480
      ],
      "exit_codes": [
        0,
        0,
        0,
        0,
        0,
        0,
        0,
        0,
        0,
        0
      ]
    },
    {
      "command": "JINX_JIT=1 JINX_GC_OFF=1 $JINX_ROOT/target/release/jinx --readonly-mode $NIXPKGS -A hello",
      "mean": 0.17314427004000002,
      "stddev": 0.002733545983810811,
      "median": 0.17269323254000002,
      "user": 0.1167831,
      "system": 0.05327578000000001,
      "min": 0.16923279504,
      "max": 0.17800817004,
      "times": [
        0.17279287904,
        0.17553058704,
        0.17255608604,
        0.17000525304,
        0.17142758704,
        0.17614854504,
        0.17800817004,
        0.17314721204,
        0.16923279504,
        0.17259358604
      ],
      "memory_usage_byte": [
        210452480,
        210452480,
        210452480,
        210452480,
        210452480,
        210452480,
        210452480,
        210452480,
        210452480,
        210452480
      ],
      "exit_codes": [
        0,
        0,
        0,
        0,
        0,
        0,
        0,
        0,
        0,
        0
      ]
    }
  ]
}
