{
  "results": [
    {
      "command": "$JINX_ROOT/.oracle/bin/nix-instantiate --readonly-mode $NIXPKGS -A hello",
      "mean": 0.24694299502000003,
      "stddev": 0.018760284008642634,
      "median": 0.24779207402000003,
      "user": 0.18814718000000002,
      "system": 0.05168436,
      "min": 0.22161919952000003,
      "max": 0.27112719952,
      "times": [
        0.26982211552,
        0.22725140752000003,
        0.23945586552000003,
        0.25938615752,
        0.26224907452,
        0.24968278252,
        0.22293478252,
        0.24590136552000005,
        0.27112719952,
        0.22161919952000003
      ],
      "memory_usage_byte": [
        144293888,
        144293888,
        144293888,
        144293888,
        144293888,
        144687104,
        144687104,
        144687104,
        144687104,
        144687104
      ],
      "exit_codes": [
        0,
        0,
        0,
        0,
        0,
        0,
        0,
        0,
        0,
        0
      ]
    },
    {
      "command": "JINX_JIT=0 $JINX_ROOT/target/release/jinx --readonly-mode $NIXPKGS -A hello",
      "mean": 0.21162974922000002,
      "stddev": 0.01616299126828423,
      "median": 0.20755851202000003,
      "user": 0.15762878,
      "system": 0.04851286,
      "min": 0.19392099052000003,
      "max": 0.24609640752000003,
      "times": [
        0.20289882452000002,
        0.21012299052000002,
        0.20741407452000002,
        0.19555828252000002,
        0.20770294952,
        0.23244407452000002,
        0.19392099052000003,
        0.20551194852000002,
        0.21462694952000003,
        0.24609640752000003
      ],
      "memory_usage_byte": [
        245219328,
        245235712,
        245235712,
        245235712,
        245235712,
        245235712,
        245235712,
        245235712,
        245235712,
        245235712
      ],
      "exit_codes": [
        0,
        0,
        0,
        0,
        0,
        0,
        0,
        0,
        0,
        0
      ]
    },
    {
      "command": "JINX_JIT=1 $JINX_ROOT/target/release/jinx --readonly-mode $NIXPKGS -A hello",
      "mean": 0.23430614932000005,
      "stddev": 0.03553513479096365,
      "median": 0.22423024152000004,
      "user": 0.17108227999999998,
      "system": 0.05499536000000001,
      "min": 0.19941203252000003,
      "max": 0.30062769952,
      "times": [
        0.21326861552000004,
        0.22881494952000003,
        0.29832911652,
        0.30062769952,
        0.22642340752000004,
        0.20801494852000002,
        0.22230149152000003,
        0.21971024052000002,
        0.19941203252000003,
        0.22615899152000002
      ],
      "memory_usage_byte": [
        249643008,
        249659392,
        249659392,
        249659392,
        249659392,
        249659392,
        249659392,
        249659392,
        249659392,
        249659392
      ],
      "exit_codes": [
        0,
        0,
        0,
        0,
        0,
        0,
        0,
        0,
        0,
        0
      ]
    },
    {
      "command": "JINX_JIT=1 JINX_GC_OFF=1 $JINX_ROOT/target/release/jinx --readonly-mode $NIXPKGS -A hello",
      "mean": 0.21112422422000005,
      "stddev": 0.011380211574742349,
      "median": 0.21228517802000002,
      "user": 0.15909308000000003,
      "system": 0.04932306,
      "min": 0.19572486552,
      "max": 0.23007324052000003,
      "times": [
        0.23007324052000003,
        0.22557053252000003,
        0.19911286652000001,
        0.21566169952000003,
        0.20539765752000003,
        0.19572486552,
        0.21472582352000003,
        0.20984453252000002,
        0.19972049152000002,
        0.21541053252000003
      ],
      "memory_usage_byte": [
        249659392,
        249659392,
        249659392,
        249659392,
        249659392,
        249659392,
        249659392,
        249659392,
        249659392,
        249659392
      ],
      "exit_codes": [
        0,
        0,
        0,
        0,
        0,
        0,
        0,
        0,
        0,
        0
      ]
    }
  ]
}
