{
  "results": [
    {
      "command": "/nix/var/nix/profiles/default/bin/nix-instantiate --readonly-mode /Users/siraben/Git/nixpkgs/nixos/release.nix -A iso_minimal.x86_64-linux",
      "mean": 7.2127951472000005,
      "stddev": 0.3592569061515167,
      "median": 7.2118526892,
      "user": 3.9242717,
      "system": 4.49827834,
      "min": 6.8540103972,
      "max": 7.572522355199999,
      "times": [
        6.8540103972,
        7.572522355199999,
        7.2118526892
      ],
      "memory_usage_byte": [
        1853440000,
        1853440000,
        1853767680
      ],
      "exit_codes": [
        0,
        0,
        0
      ]
    },
    {
      "command": "JINX_JIT=0 /Users/siraben/Git/jinx/target/release/jinx --readonly-mode /Users/siraben/Git/nixpkgs/nixos/release.nix -A iso_minimal.x86_64-linux",
      "mean": 4.909562786533333,
      "stddev": 0.03048870745732393,
      "median": 4.9107295641999995,
      "user": 3.725673366666667,
      "system": 1.8813950066666667,
      "min": 4.8785074392,
      "max": 4.939451356199999,
      "times": [
        4.9107295641999995,
        4.939451356199999,
        4.8785074392
      ],
      "memory_usage_byte": [
        1948794880,
        1949188096,
        1949188096
      ],
      "exit_codes": [
        0,
        0,
        0
      ]
    },
    {
      "command": "JINX_JIT=1 /Users/siraben/Git/jinx/target/release/jinx --readonly-mode /Users/siraben/Git/nixpkgs/nixos/release.nix -A iso_minimal.x86_64-linux",
      "mean": 4.9025299808666665,
      "stddev": 0.07958959686718926,
      "median": 4.9353712311999995,
      "user": 3.780154366666667,
      "system": 1.8701890066666664,
      "min": 4.8117750222,
      "max": 4.9604436892,
      "times": [
        4.8117750222,
        4.9604436892,
        4.9353712311999995
      ],
      "memory_usage_byte": [
        1986363392,
        1986363392,
        1986363392
      ],
      "exit_codes": [
        0,
        0,
        0
      ]
    }
  ]
}
