{
  "results": [
    {
      "command": "$JINX_ROOT/.oracle/bin/nix-instantiate --readonly-mode $NIXPKGS/nixos/release.nix -A iso_minimal.x86_64-linux",
      "mean": 10.59057467722,
      "stddev": 0.9564859416279949,
      "median": 10.40813007972,
      "user": 5.449614053333334,
      "system": 5.454770833333334,
      "min": 9.53938085072,
      "max": 12.27929347572,
      "times": [
        12.27929347572,
        10.72052335072,
        10.09573680872,
        10.055113434719999,
        9.53938085072,
        10.85340014272
      ],
      "memory_usage_byte": [
        1212235776,
        1212235776,
        1212235776,
        1212399616,
        1212399616,
        1212399616
      ],
      "exit_codes": [
        0,
        0,
        0,
        0,
        0,
        0
      ]
    },
    {
      "command": "JINX_JIT=0 $JINX_ROOT/target/release/jinx --readonly-mode $NIXPKGS/nixos/release.nix -A iso_minimal.x86_64-linux",
      "mean": 7.137501205053333,
      "stddev": 1.646421088665662,
      "median": 6.6348874552199995,
      "user": 2.943478386666666,
      "system": 3.067224166666667,
      "min": 6.05024026772,
      "max": 10.44284739272,
      "times": [
        6.488762975719999,
        6.81620772572,
        6.05024026772,
        6.2459369337199995,
        10.44284739272,
        6.7810119347199995
      ],
      "memory_usage_byte": [
        3092004864,
        3092004864,
        3092004864,
        3092004864,
        3092004864,
        3092004864
      ],
      "exit_codes": [
        0,
        0,
        0,
        0,
        0,
        0
      ]
    },
    {
      "command": "JINX_JIT=1 $JINX_ROOT/target/release/jinx --readonly-mode $NIXPKGS/nixos/release.nix -A iso_minimal.x86_64-linux",
      "mean": 7.378029725553333,
      "stddev": 1.7350751328741645,
      "median": 6.90960468372,
      "user": 3.002389053333333,
      "system": 3.0961389999999995,
      "min": 5.58509985072,
      "max": 9.999763891719999,
      "times": [
        7.55206026672,
        8.79112614272,
        6.07297910072,
        6.267149100719999,
        9.999763891719999,
        5.58509985072
      ],
      "memory_usage_byte": [
        3092004864,
        3092004864,
        3092004864,
        3092004864,
        3092004864,
        3092004864
      ],
      "exit_codes": [
        0,
        0,
        0,
        0,
        0,
        0
      ]
    }
  ]
}
