{
  "results": [
    {
      "command": "$JINX_ROOT/.oracle/bin/nix-instantiate --readonly-mode $NIXPKGS/nixos/release.nix -A iso_minimal.x86_64-linux",
      "mean": 10.146976398486666,
      "stddev": 0.036460657844267975,
      "median": 10.15553232882,
      "user": 6.3035458533333335,
      "system": 5.24137042,
      "min": 10.10699862082,
      "max": 10.17839824582,
      "times": [
        10.10699862082,
        10.15553232882,
        10.17839824582
      ],
      "memory_usage_byte": [
        1180336128,
        1233731584,
        1233731584
      ],
      "exit_codes": [
        0,
        0,
        0
      ]
    },
    {
      "command": "JINX_JIT=0 $JINX_ROOT/target/release/jinx --readonly-mode $NIXPKGS/nixos/release.nix -A iso_minimal.x86_64-linux",
      "mean": 8.920800606486667,
      "stddev": 0.12980451432408682,
      "median": 8.88544641182,
      "user": 4.3980328533333335,
      "system": 4.500367420000001,
      "min": 8.81233582882,
      "max": 9.06461957882,
      "times": [
        9.06461957882,
        8.88544641182,
        8.81233582882
      ],
      "memory_usage_byte": [
        3891986432,
        3891986432,
        3891986432
      ],
      "exit_codes": [
        0,
        0,
        0
      ]
    },
    {
      "command": "JINX_JIT=1 $JINX_ROOT/target/release/jinx --readonly-mode $NIXPKGS/nixos/release.nix -A iso_minimal.x86_64-linux",
      "mean": 9.30109510682,
      "stddev": 0.03815370062895947,
      "median": 9.31737216282,
      "user": 4.760359186666666,
      "system": 4.521828753333334,
      "min": 9.257502411819999,
      "max": 9.32841074582,
      "times": [
        9.257502411819999,
        9.32841074582,
        9.31737216282
      ],
      "memory_usage_byte": [
        3919708160,
        3920035840,
        3920035840
      ],
      "exit_codes": [
        0,
        0,
        0
      ]
    }
  ]
}
