{
  "results": [
    {
      "command": "/nix/var/nix/profiles/default/bin/nix-instantiate --readonly-mode /Users/siraben/Git/nixpkgs/nixos/release.nix -A iso_minimal.x86_64-linux",
      "mean": 6.648911590373333,
      "stddev": 0.06349437961876257,
      "median": 6.66011849304,
      "user": 3.706808533333333,
      "system": 4.202641666666666,
      "min": 6.58055991004,
      "max": 6.70605636804,
      "times": [
        6.70605636804,
        6.66011849304,
        6.58055991004
      ],
      "memory_usage_byte": [
        1852243968,
        1852243968,
        1852243968
      ],
      "exit_codes": [
        0,
        0,
        0
      ]
    },
    {
      "command": "JINX_JIT=0 /Users/siraben/Git/jinx/target/release/jinx --readonly-mode /Users/siraben/Git/nixpkgs/nixos/release.nix -A iso_minimal.x86_64-linux",
      "mean": 4.472769618373333,
      "stddev": 0.02976788658896502,
      "median": 4.4595760350399996,
      "user": 3.5504402,
      "system": 1.6726903333333334,
      "min": 4.451878702039999,
      "max": 4.50685411804,
      "times": [
        4.4595760350399996,
        4.50685411804,
        4.451878702039999
      ],
      "memory_usage_byte": [
        1949974528,
        1949974528,
        1949974528
      ],
      "exit_codes": [
        0,
        0,
        0
      ]
    },
    {
      "command": "JINX_JIT=1 /Users/siraben/Git/jinx/target/release/jinx --readonly-mode /Users/siraben/Git/nixpkgs/nixos/release.nix -A iso_minimal.x86_64-linux",
      "mean": 4.51698600704,
      "stddev": 0.038587285125783,
      "median": 4.52310061804,
      "user": 3.6147548666666665,
      "system": 1.692964,
      "min": 4.47570649304,
      "max": 4.55215091004,
      "times": [
        4.47570649304,
        4.52310061804,
        4.55215091004
      ],
      "memory_usage_byte": [
        1986756608,
        1986904064,
        1986904064
      ],
      "exit_codes": [
        0,
        0,
        0
      ]
    }
  ]
}
