{
  "results": [
    {
      "command": "$JINX_ROOT/.oracle/bin/nix-instantiate --readonly-mode $NIXPKGS/nixos/release.nix -A iso_minimal.x86_64-linux",
      "mean": 9.901340378639999,
      "stddev": 1.0727490114670635,
      "median": 9.49757578164,
      "user": 6.422486546666666,
      "system": 4.60443948,
      "min": 9.08906240664,
      "max": 11.11738294764,
      "times": [
        9.49757578164,
        9.08906240664,
        11.11738294764
      ],
      "memory_usage_byte": [
        1180516352,
        1233715200,
        1233715200
      ],
      "exit_codes": [
        0,
        0,
        0
      ]
    },
    {
      "command": "JINX_JIT=0 $JINX_ROOT/target/release/jinx --readonly-mode $NIXPKGS/nixos/release.nix -A iso_minimal.x86_64-linux",
      "mean": 8.27466300364,
      "stddev": 0.25151108637878333,
      "median": 8.13581178164,
      "user": 3.9875245466666662,
      "system": 4.0271911466666666,
      "min": 8.12318573964,
      "max": 8.56499148964,
      "times": [
        8.13581178164,
        8.12318573964,
        8.56499148964
      ],
      "memory_usage_byte": [
        4013654016,
        4013817856,
        4013817856
      ],
      "exit_codes": [
        0,
        0,
        0
      ]
    },
    {
      "command": "JINX_JIT=1 $JINX_ROOT/target/release/jinx --readonly-mode $NIXPKGS/nixos/release.nix -A iso_minimal.x86_64-linux",
      "mean": 8.831919128973334,
      "stddev": 0.2989984558337081,
      "median": 9.00053482364,
      "user": 4.212542546666666,
      "system": 4.31106548,
      "min": 8.48669628164,
      "max": 9.00852628164,
      "times": [
        8.48669628164,
        9.00852628164,
        9.00053482364
      ],
      "memory_usage_byte": [
        4059332608,
        4061315072,
        4061315072
      ],
      "exit_codes": [
        0,
        0,
        0
      ]
    }
  ]
}
