{
  "results": [
    {
      "command": "$JINX_ROOT/.oracle/bin/nix-instantiate --readonly-mode $NIXPKGS/nixos/release.nix -A iso_minimal.x86_64-linux",
      "mean": 7.87963245504,
      "stddev": 0.023480393208786126,
      "median": 7.874576219040001,
      "user": 5.1783195866666665,
      "system": 3.766855166666667,
      "min": 7.85909209404,
      "max": 7.90522905204,
      "times": [
        7.85909209404,
        7.90522905204,
        7.874576219040001
      ],
      "memory_usage_byte": [
        1211613184,
        1211613184,
        1211613184
      ],
      "exit_codes": [
        0,
        0,
        0
      ]
    },
    {
      "command": "JINX_JIT=0 $JINX_ROOT/target/release/jinx --readonly-mode $NIXPKGS/nixos/release.nix -A iso_minimal.x86_64-linux",
      "mean": 4.595098469040001,
      "stddev": 0.02314755017881867,
      "median": 4.58200230204,
      "user": 3.3109682533333333,
      "system": 1.833156833333333,
      "min": 4.58146792804,
      "max": 4.621825177040001,
      "times": [
        4.58200230204,
        4.58146792804,
        4.621825177040001
      ],
      "memory_usage_byte": [
        3122118656,
        3122675712,
        3122675712
      ],
      "exit_codes": [
        0,
        0,
        0
      ]
    },
    {
      "command": "JINX_JIT=1 $JINX_ROOT/target/release/jinx --readonly-mode $NIXPKGS/nixos/release.nix -A iso_minimal.x86_64-linux",
      "mean": 4.649744983040001,
      "stddev": 0.020604259320368037,
      "median": 4.6404928860400005,
      "user": 3.4026825866666663,
      "system": 1.8442371666666666,
      "min": 4.63538855204,
      "max": 4.67335351104,
      "times": [
        4.67335351104,
        4.6404928860400005,
        4.63538855204
      ],
      "memory_usage_byte": [
        3130966016,
        3130966016,
        3130966016
      ],
      "exit_codes": [
        0,
        0,
        0
      ]
    }
  ]
}
