{
  "results": [
    {
      "command": "$JINX_ROOT/.oracle/bin/nix-instantiate --readonly-mode --eval --strict $JINX_ROOT/bench/ops.nix",
      "mean": 0.0478260017,
      "stddev": 0.00117431772855915,
      "median": 0.0474509768,
      "user": 0.031408559999999995,
      "system": 0.01132554,
      "min": 0.0460534558,
      "max": 0.049812414799999996,
      "times": [
        0.0467874978,
        0.049812414799999996,
        0.0460534558,
        0.0487134978,
        0.0487889558,
        0.0473384558,
        0.0472194558,
        0.0470424968,
        0.0475634978,
        0.0489402888
      ],
      "memory_usage_byte": [
        40189952,
        40288256,
        40288256,
        40288256,
        40386560,
        40386560,
        40386560,
        40386560,
        40386560,
        40386560
      ],
      "exit_codes": [
        0,
        0,
        0,
        0,
        0,
        0,
        0,
        0,
        0,
        0
      ]
    },
    {
      "command": "JINX_JIT=0 $JINX_ROOT/target/release/jinx --readonly-mode --eval --strict $JINX_ROOT/bench/ops.nix",
      "mean": 0.023157505700000004,
      "stddev": 0.0006981236646210167,
      "median": 0.022978768299999997,
      "user": 0.019299359999999998,
      "system": 0.00261564,
      "min": 0.0221723718,
      "max": 0.0245508718,
      "times": [
        0.022768413799999998,
        0.022703163800000002,
        0.022698164799999997,
        0.023189122799999996,
        0.0245508718,
        0.0232642058,
        0.022753955799999996,
        0.0235673308,
        0.023907455799999998,
        0.0221723718
      ],
      "memory_usage_byte": [
        40386560,
        40386560,
        40386560,
        40386560,
        40386560,
        40386560,
        40386560,
        40386560,
        40386560,
        40386560
      ],
      "exit_codes": [
        0,
        0,
        0,
        0,
        0,
        0,
        0,
        0,
        0,
        0
      ]
    },
    {
      "command": "JINX_JIT=1 $JINX_ROOT/target/release/jinx --readonly-mode --eval --strict $JINX_ROOT/bench/ops.nix",
      "mean": 0.024850260099999997,
      "stddev": 0.0007171467135656484,
      "median": 0.0248868933,
      "user": 0.020697459999999997,
      "system": 0.0029442400000000003,
      "min": 0.023865997799999997,
      "max": 0.0258094558,
      "times": [
        0.0245518308,
        0.025268497799999998,
        0.0250259558,
        0.024157039800000002,
        0.0239284138,
        0.023865997799999997,
        0.025742872799999997,
        0.0258094558,
        0.025404705799999996,
        0.024747830800000002
      ],
      "memory_usage_byte": [
        40386560,
        40386560,
        40386560,
        40386560,
        40386560,
        40386560,
        40386560,
        40386560,
        40386560,
        40386560
      ],
      "exit_codes": [
        0,
        0,
        0,
        0,
        0,
        0,
        0,
        0,
        0,
        0
      ]
    }
  ]
}
