{
  "results": [
    {
      "command": "$JINX_ROOT/.oracle/bin/nix-instantiate --readonly-mode --eval --strict $JINX_ROOT/bench/ops.nix",
      "mean": 0.043624573240000006,
      "stddev": 0.003658247217013841,
      "median": 0.04229224004,
      "user": 0.029374179999999993,
      "system": 0.010869839999999997,
      "min": 0.041363427040000005,
      "max": 0.05348601104,
      "times": [
        0.04231396904,
        0.045048219040000004,
        0.04295638504,
        0.04227051104,
        0.04197380304,
        0.04151521904,
        0.041363427040000005,
        0.041430052040000005,
        0.043888136040000005,
        0.05348601104
      ],
      "memory_usage_byte": [
        40189952,
        40189952,
        40189952,
        40189952,
        40189952,
        40189952,
        40189952,
        40189952,
        40189952,
        40189952
      ],
      "exit_codes": [
        0,
        0,
        0,
        0,
        0,
        0,
        0,
        0,
        0,
        0
      ]
    },
    {
      "command": "JINX_JIT=0 $JINX_ROOT/target/release/jinx --readonly-mode --eval --strict $JINX_ROOT/bench/ops.nix",
      "mean": 0.020315356439999998,
      "stddev": 0.0015809393357724038,
      "median": 0.020104115040000002,
      "user": 0.01545488,
      "system": 0.003525839999999999,
      "min": 0.01837392704,
      "max": 0.023774469040000003,
      "times": [
        0.023774469040000003,
        0.019686844040000005,
        0.020722677040000005,
        0.02189896904,
        0.02011238604,
        0.020123427040000003,
        0.019888927040000004,
        0.020095844040000005,
        0.01837392704,
        0.018476094040000002
      ],
      "memory_usage_byte": [
        40189952,
        40189952,
        40189952,
        40189952,
        40189952,
        40189952,
        40189952,
        40189952,
        40189952,
        40189952
      ],
      "exit_codes": [
        0,
        0,
        0,
        0,
        0,
        0,
        0,
        0,
        0,
        0
      ]
    },
    {
      "command": "JINX_JIT=1 $JINX_ROOT/target/release/jinx --readonly-mode --eval --strict $JINX_ROOT/bench/ops.nix",
      "mean": 0.016792298140000005,
      "stddev": 0.0008529319996325677,
      "median": 0.01659736454,
      "user": 0.01368858,
      "system": 0.0029263399999999995,
      "min": 0.015823927040000005,
      "max": 0.019001761040000002,
      "times": [
        0.01706171904,
        0.019001761040000002,
        0.016666553040000004,
        0.01651421904,
        0.01643871904,
        0.01655496904,
        0.015823927040000005,
        0.016992552040000004,
        0.01663976004,
        0.016228802040000004
      ],
      "memory_usage_byte": [
        40189952,
        40189952,
        40189952,
        40189952,
        40189952,
        40189952,
        40189952,
        40189952,
        40189952,
        40189952
      ],
      "exit_codes": [
        0,
        0,
        0,
        0,
        0,
        0,
        0,
        0,
        0,
        0
      ]
    }
  ]
}
