{
  "results": [
    {
      "command": "$JINX_ROOT/.oracle/bin/nix-instantiate --readonly-mode --eval --strict $JINX_ROOT/bench/ops.nix",
      "mean": 0.036462820820000005,
      "stddev": 0.0005542822473662981,
      "median": 0.036271837720000005,
      "user": 0.026255819999999996,
      "system": 0.008021000000000002,
      "min": 0.035846191720000004,
      "max": 0.037508816720000004,
      "times": [
        0.03610177472,
        0.03595135772,
        0.036713149720000005,
        0.03609944172,
        0.03712831672,
        0.035846191720000004,
        0.037508816720000004,
        0.03606027572,
        0.03644190072,
        0.036776982720000004
      ],
      "memory_usage_byte": [
        40222720,
        40222720,
        40222720,
        40222720,
        40222720,
        40222720,
        40222720,
        40222720,
        40222720,
        40222720
      ],
      "exit_codes": [
        0,
        0,
        0,
        0,
        0,
        0,
        0,
        0,
        0,
        0
      ]
    },
    {
      "command": "JINX_JIT=0 $JINX_ROOT/target/release/jinx --readonly-mode --eval --strict $JINX_ROOT/bench/ops.nix",
      "mean": 0.01744364572,
      "stddev": 0.0006360036984125521,
      "median": 0.01731767072,
      "user": 0.014194019999999998,
      "system": 0.0024076999999999996,
      "min": 0.01663614972,
      "max": 0.01854002472,
      "times": [
        0.01699627572,
        0.01663614972,
        0.01679252472,
        0.01750960772,
        0.01715452472,
        0.01723727472,
        0.01739806672,
        0.01776627472,
        0.01840573372,
        0.01854002472
      ],
      "memory_usage_byte": [
        40222720,
        40222720,
        40222720,
        40222720,
        40222720,
        40222720,
        40222720,
        40222720,
        40222720,
        40222720
      ],
      "exit_codes": [
        0,
        0,
        0,
        0,
        0,
        0,
        0,
        0,
        0,
        0
      ]
    },
    {
      "command": "JINX_JIT=1 $JINX_ROOT/target/release/jinx --readonly-mode --eval --strict $JINX_ROOT/bench/ops.nix",
      "mean": 0.01700645002,
      "stddev": 0.0003049244277062943,
      "median": 0.016918087220000003,
      "user": 0.013833019999999998,
      "system": 0.0028575999999999996,
      "min": 0.01651398272,
      "max": 0.01737927472,
      "times": [
        0.01735610772,
        0.01695456672,
        0.01737927472,
        0.01731181672,
        0.01688160772,
        0.01729302572,
        0.01678773372,
        0.01681023372,
        0.01677615072,
        0.01651398272
      ],
      "memory_usage_byte": [
        40222720,
        40222720,
        40222720,
        40222720,
        40222720,
        40222720,
        40222720,
        40222720,
        40222720,
        40222720
      ],
      "exit_codes": [
        0,
        0,
        0,
        0,
        0,
        0,
        0,
        0,
        0,
        0
      ]
    }
  ]
}
