{
  "results": [
    {
      "command": "$JINX_ROOT/.oracle/bin/nix-instantiate --readonly-mode --eval --strict $JINX_ROOT/bench/ops.nix",
      "mean": 0.04544190936000001,
      "stddev": 0.004560712374602267,
      "median": 0.04327369256,
      "user": 0.028969379999999996,
      "system": 0.01074474,
      "min": 0.04086754706,
      "max": 0.052439339060000006,
      "times": [
        0.052439339060000006,
        0.04414213006,
        0.04166525506,
        0.04240525506,
        0.04086754706,
        0.050819755060000006,
        0.04224629706,
        0.05156421306,
        0.046594797060000005,
        0.041674505060000006
      ],
      "memory_usage_byte": [
        40435712,
        40435712,
        40435712,
        40435712,
        40435712,
        40435712,
        40435712,
        40435712,
        40435712,
        40435712
      ],
      "exit_codes": [
        0,
        0,
        0,
        0,
        0,
        0,
        0,
        0,
        0,
        0
      ]
    },
    {
      "command": "JINX_JIT=0 $JINX_ROOT/target/release/jinx --readonly-mode --eval --strict $JINX_ROOT/bench/ops.nix",
      "mean": 0.028066138460000008,
      "stddev": 0.0014923027720478912,
      "median": 0.027417234060000004,
      "user": 0.024535280000000003,
      "system": 0.0023715399999999992,
      "min": 0.02638100506,
      "max": 0.03089404706,
      "times": [
        0.02638100506,
        0.029011214060000005,
        0.03089404706,
        0.027322505060000002,
        0.02705892206,
        0.027301630060000002,
        0.027152630060000002,
        0.03028325506,
        0.027511963060000005,
        0.02774421306
      ],
      "memory_usage_byte": [
        40435712,
        40435712,
        40435712,
        40435712,
        40435712,
        40435712,
        40435712,
        40435712,
        40435712,
        40435712
      ],
      "exit_codes": [
        0,
        0,
        0,
        0,
        0,
        0,
        0,
        0,
        0,
        0
      ]
    },
    {
      "command": "JINX_JIT=1 $JINX_ROOT/target/release/jinx --readonly-mode --eval --strict $JINX_ROOT/bench/ops.nix",
      "mean": 0.03102977566,
      "stddev": 0.005308358596977144,
      "median": 0.029165109060000003,
      "user": 0.025516379999999998,
      "system": 0.00304734,
      "min": 0.02706900506,
      "max": 0.04374321306,
      "times": [
        0.02706900506,
        0.02777438006,
        0.027456338060000002,
        0.030968546060000005,
        0.03010017106,
        0.02790900506,
        0.02874763006,
        0.029582588060000005,
        0.04374321306,
        0.03694688006
      ],
      "memory_usage_byte": [
        40435712,
        40435712,
        40435712,
        40435712,
        40435712,
        40435712,
        40435712,
        40435712,
        40435712,
        40435712
      ],
      "exit_codes": [
        0,
        0,
        0,
        0,
        0,
        0,
        0,
        0,
        0,
        0
      ]
    }
  ]
}
