{
  "results": [
    {
      "command": "/nix/var/nix/profiles/default/bin/nix-instantiate --readonly-mode --eval --strict /Users/siraben/Git/jinx/bench/ops.nix",
      "mean": 0.055403907540000005,
      "stddev": 0.001403702691836134,
      "median": 0.054962907840000005,
      "user": 0.03678836,
      "system": 0.015886260000000003,
      "min": 0.05385261584000001,
      "max": 0.05755986584,
      "times": [
        0.05483315784000001,
        0.05414928184000001,
        0.05406699084,
        0.05385261584000001,
        0.05755986584,
        0.057508115840000006,
        0.05686090784,
        0.055286323840000005,
        0.05509265784,
        0.054829157840000003
      ],
      "memory_usage_byte": [
        40812544,
        41058304,
        41058304,
        41058304,
        41058304,
        41435136,
        41435136,
        41435136,
        41435136,
        41435136
      ],
      "exit_codes": [
        0,
        0,
        0,
        0,
        0,
        0,
        0,
        0,
        0,
        0
      ]
    },
    {
      "command": "JINX_JIT=0 /Users/siraben/Git/jinx/target/release/jinx --readonly-mode --eval --strict /Users/siraben/Git/jinx/bench/ops.nix",
      "mean": 0.013819515939999999,
      "stddev": 0.0005025743234398164,
      "median": 0.01370869934,
      "user": 0.010992660000000001,
      "system": 0.0020011599999999997,
      "min": 0.01305390684,
      "max": 0.014818615840000002,
      "times": [
        0.014818615840000002,
        0.01394274084,
        0.01364528284,
        0.01345386584,
        0.01372049084,
        0.01369690784,
        0.01448465784,
        0.01375449084,
        0.013624199840000002,
        0.01305390684
      ],
      "memory_usage_byte": [
        41435136,
        41435136,
        41435136,
        41435136,
        41435136,
        41435136,
        41435136,
        41435136,
        41435136,
        41435136
      ],
      "exit_codes": [
        0,
        0,
        0,
        0,
        0,
        0,
        0,
        0,
        0,
        0
      ]
    },
    {
      "command": "JINX_JIT=1 /Users/siraben/Git/jinx/target/release/jinx --readonly-mode --eval --strict /Users/siraben/Git/jinx/bench/ops.nix",
      "mean": 0.011231707340000001,
      "stddev": 0.00024672886469980675,
      "median": 0.01111513634,
      "user": 0.009315460000000001,
      "system": 0.0018430599999999999,
      "min": 0.011011156840000001,
      "max": 0.01177428284,
      "times": [
        0.011448031840000001,
        0.011065740840000001,
        0.01177428284,
        0.01101928284,
        0.011011156840000001,
        0.01110119884,
        0.01108874084,
        0.01125607384,
        0.01142349084,
        0.01112907384
      ],
      "memory_usage_byte": [
        41435136,
        41435136,
        41435136,
        41435136,
        41435136,
        41435136,
        41435136,
        41435136,
        41435136,
        41435136
      ],
      "exit_codes": [
        0,
        0,
        0,
        0,
        0,
        0,
        0,
        0,
        0,
        0
      ]
    }
  ]
}
