{
  "results": [
    {
      "command": "$JINX_ROOT/.oracle/bin/nix-instantiate --readonly-mode --eval --strict $JINX_ROOT/bench/ops.nix",
      "mean": 0.03909889594,
      "stddev": 0.0009179395398062629,
      "median": 0.03886151664,
      "user": 0.02736714,
      "system": 0.0091585,
      "min": 0.03759087114,
      "max": 0.04030828814,
      "times": [
        0.04021962114,
        0.03965295414,
        0.04030828814,
        0.040061579140000005,
        0.03832103714,
        0.03759087114,
        0.038734495140000005,
        0.03864803714,
        0.03898853814,
        0.03846353814
      ],
      "memory_usage_byte": [
        40206336,
        40206336,
        40206336,
        40206336,
        40206336,
        40206336,
        40206336,
        40206336,
        40206336,
        40206336
      ],
      "exit_codes": [
        0,
        0,
        0,
        0,
        0,
        0,
        0,
        0,
        0,
        0
      ]
    },
    {
      "command": "JINX_JIT=0 $JINX_ROOT/target/release/jinx --readonly-mode --eval --strict $JINX_ROOT/bench/ops.nix",
      "mean": 0.017948758140000007,
      "stddev": 0.00025736151939635476,
      "median": 0.01785039164,
      "user": 0.014472040000000002,
      "system": 0.002567,
      "min": 0.01764782914,
      "max": 0.018338121140000004,
      "times": [
        0.017676329140000002,
        0.01777116214,
        0.018338121140000004,
        0.01781020414,
        0.017786412140000003,
        0.01789057914,
        0.018189329140000002,
        0.018303120140000004,
        0.01764782914,
        0.01807449514
      ],
      "memory_usage_byte": [
        40206336,
        40206336,
        40206336,
        40206336,
        40206336,
        40206336,
        40206336,
        40206336,
        40206336,
        40206336
      ],
      "exit_codes": [
        0,
        0,
        0,
        0,
        0,
        0,
        0,
        0,
        0,
        0
      ]
    },
    {
      "command": "JINX_JIT=1 $JINX_ROOT/target/release/jinx --readonly-mode --eval --strict $JINX_ROOT/bench/ops.nix",
      "mean": 0.016021004240000004,
      "stddev": 0.0002282147264906703,
      "median": 0.01603405814,
      "user": 0.013305440000000002,
      "system": 0.0025992999999999997,
      "min": 0.01563870414,
      "max": 0.016394745140000003,
      "times": [
        0.016187246140000004,
        0.016263163140000002,
        0.01584045414,
        0.016394745140000003,
        0.01604391214,
        0.016098829140000003,
        0.01591037114,
        0.01580841314,
        0.01563870414,
        0.01602420414
      ],
      "memory_usage_byte": [
        40206336,
        40206336,
        40206336,
        40206336,
        40206336,
        40206336,
        40206336,
        40206336,
        40206336,
        40206336
      ],
      "exit_codes": [
        0,
        0,
        0,
        0,
        0,
        0,
        0,
        0,
        0,
        0
      ]
    }
  ]
}
