{
  "results": [
    {
      "command": "/nix/var/nix/profiles/default/bin/nix-instantiate --readonly-mode --eval --strict /Users/siraben/Git/jinx/bench/ops.nix",
      "mean": 0.05386440924,
      "stddev": 0.0004766566895437078,
      "median": 0.05375280934,
      "user": 0.03590332,
      "system": 0.0153724,
      "min": 0.05332887234,
      "max": 0.05470758034,
      "times": [
        0.05439324634,
        0.05405457934,
        0.05384866334,
        0.05341112234,
        0.05332887234,
        0.054277913340000004,
        0.05470758034,
        0.053582371340000004,
        0.05365695534,
        0.05338278834
      ],
      "memory_usage_byte": [
        40976384,
        41140224,
        41140224,
        41140224,
        41140224,
        41140224,
        41140224,
        41140224,
        41140224,
        41140224
      ],
      "exit_codes": [
        0,
        0,
        0,
        0,
        0,
        0,
        0,
        0,
        0,
        0
      ]
    },
    {
      "command": "JINX_JIT=0 /Users/siraben/Git/jinx/target/release/jinx --readonly-mode --eval --strict /Users/siraben/Git/jinx/bench/ops.nix",
      "mean": 0.01520052554,
      "stddev": 0.00114105433021607,
      "median": 0.015356246340000003,
      "user": 0.011436120000000001,
      "system": 0.0028420000000000003,
      "min": 0.013757121340000001,
      "max": 0.01776257934,
      "times": [
        0.015509371340000001,
        0.015358496340000003,
        0.015353996340000002,
        0.015554871340000002,
        0.01572953834,
        0.01776257934,
        0.013757121340000001,
        0.014595038340000002,
        0.01394632934,
        0.014437913340000004
      ],
      "memory_usage_byte": [
        41140224,
        41140224,
        41140224,
        41140224,
        41140224,
        41140224,
        41140224,
        41140224,
        41140224,
        41140224
      ],
      "exit_codes": [
        0,
        0,
        0,
        0,
        0,
        0,
        0,
        0,
        0,
        0
      ]
    },
    {
      "command": "JINX_JIT=1 /Users/siraben/Git/jinx/target/release/jinx --readonly-mode --eval --strict /Users/siraben/Git/jinx/bench/ops.nix",
      "mean": 0.01312928824,
      "stddev": 0.0010911531378957106,
      "median": 0.012930225840000002,
      "user": 0.01014552,
      "system": 0.0025759,
      "min": 0.011875371340000003,
      "max": 0.015749246340000002,
      "times": [
        0.013121288340000002,
        0.015749246340000002,
        0.012733663340000003,
        0.011875371340000003,
        0.01274308034,
        0.013956496340000003,
        0.012959579340000003,
        0.013219413340000003,
        0.012900872340000001,
        0.012033871340000002
      ],
      "memory_usage_byte": [
        41140224,
        41140224,
        41140224,
        41140224,
        41140224,
        41140224,
        41140224,
        41140224,
        41140224,
        41140224
      ],
      "exit_codes": [
        0,
        0,
        0,
        0,
        0,
        0,
        0,
        0,
        0,
        0
      ]
    }
  ]
}
