{
  "results": [
    {
      "command": "$JINX_ROOT/.oracle/bin/nix-instantiate --parse $NIXPKGS/pkgs/top-level/all-packages.nix",
      "mean": 0.04428690848000001,
      "stddev": 0.001398181564535789,
      "median": 0.044005100180000006,
      "user": 0.029097050000000003,
      "system": 0.011032950000000001,
      "min": 0.042028433680000005,
      "max": 0.04713818368000001,
      "times": [
        0.043587850680000005,
        0.043315516680000006,
        0.04668089168,
        0.04389535068000001,
        0.044091224680000006,
        0.043899599680000005,
        0.04295835068000001,
        0.04414768368000001,
        0.04391897568000001,
        0.04451051668000001,
        0.04495997468000001,
        0.04417339168000001,
        0.045440100680000005,
        0.04713818368000001,
        0.044882516680000005,
        0.04702222468,
        0.04322539168,
        0.042960016680000004,
        0.042028433680000005,
        0.04290197468
      ],
      "memory_usage_byte": [
        30408704,
        30408704,
        30408704,
        30408704,
        30408704,
        30408704,
        30408704,
        30408704,
        30408704,
        30408704,
        30408704,
        30408704,
        30408704,
        30408704,
        30441472,
        30441472,
        30441472,
        30441472,
        30441472,
        30441472
      ],
      "exit_codes": [
        0,
        0,
        0,
        0,
        0,
        0,
        0,
        0,
        0,
        0,
        0,
        0,
        0,
        0,
        0,
        0,
        0,
        0,
        0,
        0
      ]
    },
    {
      "command": "$JINX_ROOT/target/release/jinx --parse $NIXPKGS/pkgs/top-level/all-packages.nix",
      "mean": 0.00962388528,
      "stddev": 0.0005291765745682922,
      "median": 0.009491308180000001,
      "user": 0.007152499999999997,
      "system": 0.0016797,
      "min": 0.00865459968,
      "max": 0.01110826668,
      "times": [
        0.00933534968,
        0.00953334968,
        0.009449266680000002,
        0.009699516679999999,
        0.01046726668,
        0.01110826668,
        0.010078307679999999,
        0.009886182680000001,
        0.00921268268,
        0.00865459968,
        0.00920839168,
        0.009437350680000001,
        0.009933600680000002,
        0.00971247468,
        0.009628058679999999,
        0.00987401668,
        0.008995057680000001,
        0.009385099680000002,
        0.00943689168,
        0.00944197468
      ],
      "memory_usage_byte": [
        30441472,
        30441472,
        30441472,
        30441472,
        30441472,
        30441472,
        30441472,
        30441472,
        30441472,
        30441472,
        30441472,
        30441472,
        30441472,
        30441472,
        30441472,
        30441472,
        30441472,
        30441472,
        30441472,
        30441472
      ],
      "exit_codes": [
        0,
        0,
        0,
        0,
        0,
        0,
        0,
        0,
        0,
        0,
        0,
        0,
        0,
        0,
        0,
        0,
        0,
        0,
        0,
        0
      ]
    }
  ]
}
