{
  "results": [
    {
      "command": "$JINX_ROOT/.oracle/bin/nix-instantiate --parse $NIXPKGS/pkgs/top-level/all-packages.nix",
      "mean": 0.03570636918,
      "stddev": 0.0005577380936535106,
      "median": 0.03562064808,
      "user": 0.0248522,
      "system": 0.008564780000000001,
      "min": 0.03462102358,
      "max": 0.03686689858,
      "times": [
        0.03632948158,
        0.03571468958,
        0.03462102358,
        0.03541168958,
        0.035252898580000004,
        0.034838481580000004,
        0.035648689580000004,
        0.03565819058,
        0.03526289858,
        0.03559260658,
        0.03617035658,
        0.03553414858,
        0.03657214858,
        0.03686689858,
        0.035585356580000005,
        0.03589627258,
        0.03538727358,
        0.03625610658,
        0.03613848158,
        0.03538969058
      ],
      "memory_usage_byte": [
        30064640,
        30064640,
        30064640,
        30064640,
        30064640,
        30064640,
        30064640,
        30064640,
        30064640,
        30064640,
        30064640,
        30064640,
        30064640,
        30064640,
        30064640,
        30064640,
        30064640,
        30064640,
        30064640,
        30064640
      ],
      "exit_codes": [
        0,
        0,
        0,
        0,
        0,
        0,
        0,
        0,
        0,
        0,
        0,
        0,
        0,
        0,
        0,
        0,
        0,
        0,
        0,
        0
      ]
    },
    {
      "command": "$JINX_ROOT/target/release/jinx --parse $NIXPKGS/pkgs/top-level/all-packages.nix",
      "mean": 0.00704150443,
      "stddev": 0.0003073709713692073,
      "median": 0.007083606580000002,
      "user": 0.005377849999999999,
      "system": 0.0012789799999999999,
      "min": 0.006501106580000001,
      "max": 0.007564314580000002,
      "times": [
        0.007194273580000002,
        0.007149814580000002,
        0.007339023580000001,
        0.007119648580000002,
        0.007242106580000001,
        0.007450647580000001,
        0.007015731580000002,
        0.007252189580000002,
        0.007275814580000001,
        0.007564314580000002,
        0.0073561475800000015,
        0.006992648580000002,
        0.006757564580000002,
        0.007047564580000002,
        0.006607939580000001,
        0.006501106580000001,
        0.006752606580000001,
        0.006542440580000001,
        0.006878731580000002,
        0.006789773580000002
      ],
      "memory_usage_byte": [
        30064640,
        30064640,
        30064640,
        30064640,
        30064640,
        30064640,
        30064640,
        30064640,
        30064640,
        30064640,
        30064640,
        30064640,
        30064640,
        30064640,
        30064640,
        30064640,
        30064640,
        30064640,
        30064640,
        30064640
      ],
      "exit_codes": [
        0,
        0,
        0,
        0,
        0,
        0,
        0,
        0,
        0,
        0,
        0,
        0,
        0,
        0,
        0,
        0,
        0,
        0,
        0,
        0
      ]
    }
  ]
}
