{
  "results": [
    {
      "command": "/nix/var/nix/profiles/default/bin/nix-instantiate --parse /Users/siraben/Git/nixpkgs/pkgs/top-level/all-packages.nix",
      "mean": 0.05024574261000001,
      "stddev": 0.0008364548479597046,
      "median": 0.049947296759999996,
      "user": 0.03239821,
      "system": 0.015243190000000004,
      "min": 0.04934825476,
      "max": 0.05257375476,
      "times": [
        0.04965037976,
        0.04975246376,
        0.05010812976,
        0.04936758776,
        0.04955404676,
        0.04934825476,
        0.049632671760000004,
        0.05257375476,
        0.05121587976,
        0.04987100576,
        0.05176663076,
        0.05010871376,
        0.05052904676,
        0.05056254676,
        0.04989075476,
        0.05088383876,
        0.04961279676,
        0.05059175576,
        0.04996167176,
        0.04993292176
      ],
      "memory_usage_byte": [
        31965184,
        31981568,
        32079872,
        32079872,
        32079872,
        32079872,
        32079872,
        32079872,
        32079872,
        32079872,
        32079872,
        32079872,
        32079872,
        32079872,
        32079872,
        32079872,
        32079872,
        32079872,
        32079872,
        32079872
      ],
      "exit_codes": [
        0,
        0,
        0,
        0,
        0,
        0,
        0,
        0,
        0,
        0,
        0,
        0,
        0,
        0,
        0,
        0,
        0,
        0,
        0,
        0
      ]
    },
    {
      "command": "/Users/siraben/Git/jinx/target/release/jinx --parse /Users/siraben/Git/nixpkgs/pkgs/top-level/all-packages.nix",
      "mean": 0.006791136410000002,
      "stddev": 0.0008153920649668947,
      "median": 0.006429546760000001,
      "user": 0.004970759999999999,
      "system": 0.0013057900000000002,
      "min": 0.0060385047600000005,
      "max": 0.00860833876,
      "times": [
        0.008422171760000001,
        0.008182462760000002,
        0.007496713760000001,
        0.00860833876,
        0.007493505760000001,
        0.00666321276,
        0.00632975476,
        0.006419129760000001,
        0.006221546760000002,
        0.00643996376,
        0.0067013387600000016,
        0.006544505760000001,
        0.006254255760000001,
        0.0063044217600000015,
        0.007108005760000001,
        0.00607825476,
        0.006219171760000001,
        0.006093963760000001,
        0.0060385047600000005,
        0.006203504760000001
      ],
      "memory_usage_byte": [
        32079872,
        32079872,
        32079872,
        32079872,
        32079872,
        32079872,
        32079872,
        32079872,
        32079872,
        32079872,
        32079872,
        32079872,
        32079872,
        32079872,
        32079872,
        32079872,
        32079872,
        32079872,
        32079872,
        32079872
      ],
      "exit_codes": [
        0,
        0,
        0,
        0,
        0,
        0,
        0,
        0,
        0,
        0,
        0,
        0,
        0,
        0,
        0,
        0,
        0,
        0,
        0,
        0
      ]
    }
  ]
}
