{
  "results": [
    {
      "command": "$JINX_ROOT/.oracle/bin/nix-instantiate --parse $NIXPKGS/pkgs/top-level/all-packages.nix",
      "mean": 0.039863623060000006,
      "stddev": 0.0018552326786153584,
      "median": 0.03947827506,
      "user": 0.026621299999999997,
      "system": 0.009288919999999997,
      "min": 0.03779423406,
      "max": 0.04672494206,
      "times": [
        0.04048006706,
        0.03868956706,
        0.04040406606,
        0.039294442060000004,
        0.04015227506,
        0.03966210806,
        0.039190942060000004,
        0.03884148306,
        0.03891377506,
        0.04066806606,
        0.03779423406,
        0.04102690006,
        0.03969498406,
        0.040311567060000005,
        0.04672494206,
        0.03908006606,
        0.03910594106,
        0.03800998406,
        0.040652609060000004,
        0.03857444206
      ],
      "memory_usage_byte": [
        30294016,
        30392320,
        30392320,
        30392320,
        30392320,
        30392320,
        30392320,
        30392320,
        30392320,
        30392320,
        30392320,
        30441472,
        30441472,
        30441472,
        30441472,
        30441472,
        30441472,
        30441472,
        30441472,
        30441472
      ],
      "exit_codes": [
        0,
        0,
        0,
        0,
        0,
        0,
        0,
        0,
        0,
        0,
        0,
        0,
        0,
        0,
        0,
        0,
        0,
        0,
        0,
        0
      ]
    },
    {
      "command": "$JINX_ROOT/target/release/jinx --parse $NIXPKGS/pkgs/top-level/all-packages.nix",
      "mean": 0.014328895959999999,
      "stddev": 0.00040847934150235813,
      "median": 0.01433256706,
      "user": 0.01222465,
      "system": 0.0014554699999999993,
      "min": 0.01353469206,
      "max": 0.01525181706,
      "times": [
        0.014127275060000001,
        0.01353469206,
        0.01525181706,
        0.014809066060000002,
        0.01441206706,
        0.014558025060000002,
        0.01450685806,
        0.01386056706,
        0.01412785806,
        0.01442981706,
        0.014673150060000003,
        0.014511858060000002,
        0.014253067060000001,
        0.013947900060000002,
        0.013918108060000002,
        0.014193275060000001,
        0.014865983060000003,
        0.014143984060000002,
        0.01455923406,
        0.013893317060000002
      ],
      "memory_usage_byte": [
        30441472,
        30441472,
        30441472,
        30441472,
        30441472,
        30441472,
        30441472,
        30441472,
        30441472,
        30441472,
        30441472,
        30441472,
        30441472,
        30441472,
        30441472,
        30441472,
        30441472,
        30441472,
        30441472,
        30441472
      ],
      "exit_codes": [
        0,
        0,
        0,
        0,
        0,
        0,
        0,
        0,
        0,
        0,
        0,
        0,
        0,
        0,
        0,
        0,
        0,
        0,
        0,
        0
      ]
    }
  ]
}
