{
  "results": [
    {
      "command": "/nix/var/nix/profiles/default/bin/nix-instantiate --parse /Users/siraben/Git/nixpkgs/pkgs/top-level/all-packages.nix",
      "mean": 0.052165342059999995,
      "stddev": 0.0032571837697444716,
      "median": 0.05087424386,
      "user": 0.032962200000000004,
      "system": 0.016482290000000004,
      "min": 0.04862561986,
      "max": 0.05934724386000001,
      "times": [
        0.04947374386,
        0.04862561986,
        0.05486936986,
        0.05934724386000001,
        0.05927924386,
        0.051099243860000004,
        0.051438535859999995,
        0.05577511886,
        0.05686949486000001,
        0.050256910860000004,
        0.04985936986,
        0.050306951860000004,
        0.05071349386,
        0.050624576860000006,
        0.05103499386,
        0.05263691086,
        0.04967357786,
        0.049462452860000006,
        0.050364285859999997,
        0.051595701859999996
      ],
      "memory_usage_byte": [
        31817728,
        31817728,
        32210944,
        32210944,
        33996800,
        33996800,
        33996800,
        33996800,
        33996800,
        33996800,
        33996800,
        33996800,
        33996800,
        33996800,
        33996800,
        33996800,
        33996800,
        33996800,
        33996800,
        33996800
      ],
      "exit_codes": [
        0,
        0,
        0,
        0,
        0,
        0,
        0,
        0,
        0,
        0,
        0,
        0,
        0,
        0,
        0,
        0,
        0,
        0,
        0,
        0
      ]
    },
    {
      "command": "/Users/siraben/Git/jinx/target/release/jinx --parse /Users/siraben/Git/nixpkgs/pkgs/top-level/all-packages.nix",
      "mean": 0.00675522331,
      "stddev": 0.0006941353207693936,
      "median": 0.0065683693599999995,
      "user": 0.00493285,
      "system": 0.0013674399999999997,
      "min": 0.00585524386,
      "max": 0.008373243859999999,
      "times": [
        0.007198160859999999,
        0.00654370286,
        0.006518785859999999,
        0.00614386986,
        0.00585524386,
        0.006022951859999999,
        0.006645868859999999,
        0.006593035859999999,
        0.00618291086,
        0.0072615358599999996,
        0.008373243859999999,
        0.00811632786,
        0.00701541086,
        0.006448910859999999,
        0.00640536886,
        0.006724326859999999,
        0.00788241086,
        0.00662457686,
        0.006205702859999999,
        0.00634211986
      ],
      "memory_usage_byte": [
        33996800,
        33996800,
        33996800,
        33996800,
        33996800,
        33996800,
        33996800,
        33996800,
        33996800,
        33996800,
        33996800,
        33996800,
        33996800,
        33996800,
        33996800,
        33996800,
        33996800,
        33996800,
        33996800,
        33996800
      ],
      "exit_codes": [
        0,
        0,
        0,
        0,
        0,
        0,
        0,
        0,
        0,
        0,
        0,
        0,
        0,
        0,
        0,
        0,
        0,
        0,
        0,
        0
      ]
    }
  ]
}
