{
  "results": [
    {
      "command": "$JINX_ROOT/.oracle/bin/nix-instantiate --parse $NIXPKGS/pkgs/top-level/all-packages.nix",
      "mean": 0.03489334043,
      "stddev": 0.00025107307135004473,
      "median": 0.034923396179999996,
      "user": 0.024941989999999994,
      "system": 0.0076382299999999985,
      "min": 0.03454489668,
      "max": 0.03529368868,
      "times": [
        0.03529368868,
        0.03523152168,
        0.03458268868,
        0.03454489668,
        0.03501135468,
        0.03510518868,
        0.03523960568,
        0.03511264668,
        0.03468877168,
        0.03454681368,
        0.03493081268,
        0.035089104680000004,
        0.03471527168,
        0.03490868768,
        0.03496143768,
        0.03470435568,
        0.03507902168,
        0.03459227168,
        0.03491597968,
        0.03461268868
      ],
      "memory_usage_byte": [
        29999104,
        29999104,
        29999104,
        30031872,
        30031872,
        30031872,
        30031872,
        30031872,
        30031872,
        30031872,
        30031872,
        30031872,
        30031872,
        30031872,
        30031872,
        30031872,
        30031872,
        30031872,
        30031872,
        30064640
      ],
      "exit_codes": [
        0,
        0,
        0,
        0,
        0,
        0,
        0,
        0,
        0,
        0,
        0,
        0,
        0,
        0,
        0,
        0,
        0,
        0,
        0,
        0
      ]
    },
    {
      "command": "$JINX_ROOT/target/release/jinx --parse $NIXPKGS/pkgs/top-level/all-packages.nix",
      "mean": 0.00736911958,
      "stddev": 0.00019171462886880924,
      "median": 0.007325000680000001,
      "user": 0.005623989999999999,
      "system": 0.0012592299999999996,
      "min": 0.00711060468,
      "max": 0.00786614668,
      "times": [
        0.0073338136800000005,
        0.007277313680000001,
        0.00786614668,
        0.00719973068,
        0.00728993868,
        0.007490062680000001,
        0.00718652168,
        0.00711060468,
        0.007385229680000001,
        0.00730898068,
        0.00737397968,
        0.00748206268,
        0.007360396680000001,
        0.00747206368,
        0.007807688680000001,
        0.0071381466800000005,
        0.007316187680000001,
        0.007410438680000001,
        0.00726789668,
        0.00730518768
      ],
      "memory_usage_byte": [
        30064640,
        30064640,
        30064640,
        30064640,
        30064640,
        30064640,
        30064640,
        30064640,
        30064640,
        30064640,
        30064640,
        30064640,
        30064640,
        30064640,
        30064640,
        30064640,
        30064640,
        30064640,
        30064640,
        30064640
      ],
      "exit_codes": [
        0,
        0,
        0,
        0,
        0,
        0,
        0,
        0,
        0,
        0,
        0,
        0,
        0,
        0,
        0,
        0,
        0,
        0,
        0,
        0
      ]
    }
  ]
}
