{
  "results": [
    {
      "command": "$JINX_ROOT/.oracle/bin/nix-instantiate --parse $NIXPKGS/pkgs/top-level/all-packages.nix",
      "mean": 0.04220525256,
      "stddev": 0.003943435388431714,
      "median": 0.04129502756,
      "user": 0.02865743,
      "system": 0.01042041,
      "min": 0.03872186056,
      "max": 0.052122360560000004,
      "times": [
        0.052122360560000004,
        0.04718344356,
        0.043786944560000006,
        0.04384344456000001,
        0.04033994456000001,
        0.039292277560000005,
        0.040016319560000006,
        0.04116377756,
        0.03872186056,
        0.04142627756,
        0.05151919356,
        0.041735277560000006,
        0.042254318560000004,
        0.041809486560000005,
        0.03892281856,
        0.03909994456,
        0.03945944456,
        0.038949986560000004,
        0.03911056956,
        0.043347360560000006
      ],
      "memory_usage_byte": [
        30507008,
        30621696,
        30621696,
        30621696,
        30621696,
        30621696,
        30621696,
        30621696,
        30621696,
        30621696,
        30621696,
        30621696,
        30621696,
        30621696,
        30621696,
        30621696,
        30621696,
        30621696,
        30621696,
        30621696
      ],
      "exit_codes": [
        0,
        0,
        0,
        0,
        0,
        0,
        0,
        0,
        0,
        0,
        0,
        0,
        0,
        0,
        0,
        0,
        0,
        0,
        0,
        0
      ]
    },
    {
      "command": "$JINX_ROOT/target/release/jinx --parse $NIXPKGS/pkgs/top-level/all-packages.nix",
      "mean": 0.01157954206,
      "stddev": 0.0012410304293874212,
      "median": 0.01143761056,
      "user": 0.007543779999999997,
      "system": 0.0025748100000000003,
      "min": 0.009810443560000002,
      "max": 0.015632902560000002,
      "times": [
        0.01169215256,
        0.010426319560000001,
        0.01228031956,
        0.01026161056,
        0.011448985560000001,
        0.009810443560000002,
        0.01055740256,
        0.01065373556,
        0.012363152560000002,
        0.015632902560000002,
        0.01129356956,
        0.010648777560000001,
        0.01142623556,
        0.011266111560000002,
        0.01162006856,
        0.011652944560000001,
        0.011388402560000002,
        0.01184936056,
        0.012862277560000001,
        0.01245606856
      ],
      "memory_usage_byte": [
        30621696,
        30621696,
        30621696,
        30621696,
        30621696,
        30621696,
        30621696,
        30621696,
        30621696,
        30621696,
        30621696,
        30621696,
        30621696,
        30621696,
        30621696,
        30621696,
        30621696,
        30621696,
        30621696,
        30621696
      ],
      "exit_codes": [
        0,
        0,
        0,
        0,
        0,
        0,
        0,
        0,
        0,
        0,
        0,
        0,
        0,
        0,
        0,
        0,
        0,
        0,
        0,
        0
      ]
    }
  ]
}
